Area,YEAR.WEEK,SUMMER,Feb,Mar,Apr,May,Jun,Jul,Aug,Sep,Oct,Nov,Dec,DAYS,UNEMPLOYMENT,UTILITY.GAS,CRIMES
CP,2006,0,0,0,0,0,0,0,0,0,0,0,0,1,39889,1.705,143
CP,2006.01,0,0,0,0,0,0,0,0,0,0,0,0,7,39889,1.705,822
CP,2006.02,0,0,0,0,0,0,0,0,0,0,0,0,7,39889,1.705,799
CP,2006.03,0,0,0,0,0,0,0,0,0,0,0,0,7,39889,1.705,846
CP,2006.04,0,0,0,0,0,0,0,0,0,0,0,0,7,39889,1.705,782
CP,2006.05,0,0,0,0,0,0,0,0,0,0,0,0,7,39889,1.705,853
CP,2006.06,0,1,0,0,0,0,0,0,0,0,0,0,7,39051,1.705,707
CP,2006.07,0,1,0,0,0,0,0,0,0,0,0,0,7,39051,1.705,649
CP,2006.08,0,1,0,0,0,0,0,0,0,0,0,0,7,39051,1.705,807
CP,2006.09,0,1,0,0,0,0,0,0,0,0,0,0,7,39051,1.705,813
CP,2006.1,0,0,1,0,0,0,0,0,0,0,0,0,7,37543,1.671,840
CP,2006.11,0,0,1,0,0,0,0,0,0,0,0,0,7,37543,1.671,789
CP,2006.12,0,0,1,0,0,0,0,0,0,0,0,0,7,37543,1.671,747
CP,2006.13,0,0,1,0,0,0,0,0,0,0,0,0,7,37543,1.671,845
CP,2006.14,0,0,0,1,0,0,0,0,0,0,0,0,7,35645,1.663,786
CP,2006.15,0,0,0,1,0,0,0,0,0,0,0,0,7,35645,1.663,931
CP,2006.16,0,0,0,1,0,0,0,0,0,0,0,0,7,35645,1.663,860
CP,2006.17,0,0,0,1,0,0,0,0,0,0,0,0,7,35645,1.663,831
CP,2006.18,0,0,0,0,1,0,0,0,0,0,0,0,7,37946,1.663,854
CP,2006.19,0,0,0,0,1,0,0,0,0,0,0,0,7,37946,1.663,867
CP,2006.2,0,0,0,0,1,0,0,0,0,0,0,0,7,37946,1.663,803
CP,2006.21,0,0,0,0,1,0,0,0,0,0,0,0,7,37946,1.663,912
CP,2006.22,0,0,0,0,1,0,0,0,0,0,0,0,7,37946,1.663,838
CP,2006.23,0,0,0,0,0,1,0,0,0,0,0,0,7,40179,1.598,878
CP,2006.24,0,0,0,0,0,1,0,0,0,0,0,0,7,40179,1.598,888
CP,2006.25,1,0,0,0,0,1,0,0,0,0,0,0,7,40179,1.598,964
CP,2006.26,1,0,0,0,0,1,0,0,0,0,0,0,7,40179,1.598,1049
CP,2006.27,1,0,0,0,0,0,1,0,0,0,0,0,7,42513,1.603,952
CP,2006.28,1,0,0,0,0,0,1,0,0,0,0,0,7,42513,1.603,916
CP,2006.29,1,0,0,0,0,0,1,0,0,0,0,0,7,42513,1.603,968
CP,2006.3,1,0,0,0,0,0,1,0,0,0,0,0,7,42513,1.603,1072
CP,2006.31,1,0,0,0,0,0,1,0,0,0,0,0,7,42513,1.603,879
CP,2006.32,1,0,0,0,0,0,0,1,0,0,0,0,7,41035,1.603,1119
CP,2006.33,1,0,0,0,0,0,0,1,0,0,0,0,7,41035,1.603,1045
CP,2006.34,1,0,0,0,0,0,0,1,0,0,0,0,7,41035,1.603,988
CP,2006.35,1,0,0,0,0,0,0,1,0,0,0,0,7,41035,1.603,942
CP,2006.36,1,0,0,0,0,0,0,0,1,0,0,0,7,38005,1.543,863
CP,2006.37,1,0,0,0,0,0,0,0,1,0,0,0,7,38005,1.543,860
CP,2006.38,1,0,0,0,0,0,0,0,1,0,0,0,7,38005,1.543,799
CP,2006.39,0,0,0,0,0,0,0,0,1,0,0,0,7,38005,1.543,889
CP,2006.4,0,0,0,0,0,0,0,0,0,1,0,0,7,35581,1.515,808
CP,2006.41,0,0,0,0,0,0,0,0,0,1,0,0,7,35581,1.515,823
CP,2006.42,0,0,0,0,0,0,0,0,0,1,0,0,7,35581,1.515,841
CP,2006.43,0,0,0,0,0,0,0,0,0,1,0,0,7,35581,1.515,800
CP,2006.44,0,0,0,0,0,0,0,0,0,1,0,0,7,35581,1.515,841
CP,2006.45,0,0,0,0,0,0,0,0,0,0,1,0,7,36787,1.514,847
CP,2006.46,0,0,0,0,0,0,0,0,0,0,1,0,7,36787,1.514,838
CP,2006.47,0,0,0,0,0,0,0,0,0,0,1,0,7,36787,1.514,721
CP,2006.48,0,0,0,0,0,0,0,0,0,0,1,0,7,36787,1.514,831
CP,2006.49,0,0,0,0,0,0,0,0,0,0,0,1,7,34511,1.483,687
CP,2006.5,0,0,0,0,0,0,0,0,0,0,0,1,7,34511,1.483,814
CP,2006.51,0,0,0,0,0,0,0,0,0,0,0,1,7,34511,1.483,717
CP,2006.52,0,0,0,0,0,0,0,0,0,0,0,1,7,34511,1.483,678
CP,2007.01,0,0,0,0,0,0,0,0,0,0,0,0,7,40482,1.482,791
CP,2007.02,0,0,0,0,0,0,0,0,0,0,0,0,7,40482,1.482,743
CP,2007.03,0,0,0,0,0,0,0,0,0,0,0,0,7,40482,1.482,663
CP,2007.04,0,0,0,0,0,0,0,0,0,0,0,0,7,40482,1.482,670
CP,2007.05,0,0,0,0,0,0,0,0,0,0,0,0,7,40482,1.482,673
CP,2007.06,0,1,0,0,0,0,0,0,0,0,0,0,7,36592,1.482,593
CP,2007.07,0,1,0,0,0,0,0,0,0,0,0,0,7,36592,1.482,516
CP,2007.08,0,1,0,0,0,0,0,0,0,0,0,0,7,36592,1.482,635
CP,2007.09,0,1,0,0,0,0,0,0,0,0,0,0,7,36592,1.482,733
CP,2007.1,0,0,1,0,0,0,0,0,0,0,0,0,7,34860,1.512,713
CP,2007.11,0,0,1,0,0,0,0,0,0,0,0,0,7,34860,1.512,707
CP,2007.12,0,0,1,0,0,0,0,0,0,0,0,0,7,34860,1.512,771
CP,2007.13,0,0,1,0,0,0,0,0,0,0,0,0,7,34860,1.512,788
CP,2007.14,0,0,0,1,0,0,0,0,0,0,0,0,7,32915,1.505,827
CP,2007.15,0,0,0,1,0,0,0,0,0,0,0,0,7,32915,1.505,678
CP,2007.16,0,0,0,1,0,0,0,0,0,0,0,0,7,32915,1.505,831
CP,2007.17,0,0,0,1,0,0,0,0,0,0,0,0,7,32915,1.505,809
CP,2007.18,0,0,0,1,0,0,0,0,0,0,0,0,7,32915,1.505,844
CP,2007.19,0,0,0,0,1,0,0,0,0,0,0,0,7,36947,1.506,858
CP,2007.2,0,0,0,0,1,0,0,0,0,0,0,0,7,36947,1.506,808
CP,2007.21,0,0,0,0,1,0,0,0,0,0,0,0,7,36947,1.506,815
CP,2007.22,0,0,0,0,1,0,0,0,0,0,0,0,7,36947,1.506,815
CP,2007.23,0,0,0,0,0,1,0,0,0,0,0,0,7,39493,1.512,836
CP,2007.24,0,0,0,0,0,1,0,0,0,0,0,0,7,39493,1.512,788
CP,2007.25,1,0,0,0,0,1,0,0,0,0,0,0,7,39493,1.512,824
CP,2007.26,1,0,0,0,0,1,0,0,0,0,0,0,7,39493,1.512,834
CP,2007.27,1,0,0,0,0,0,1,0,0,0,0,0,7,41661,1.513,814
CP,2007.28,1,0,0,0,0,0,1,0,0,0,0,0,7,41661,1.513,854
CP,2007.29,1,0,0,0,0,0,1,0,0,0,0,0,7,41661,1.513,806
CP,2007.3,1,0,0,0,0,0,1,0,0,0,0,0,7,41661,1.513,928
CP,2007.31,1,0,0,0,0,0,1,0,0,0,0,0,7,41661,1.513,795
CP,2007.32,1,0,0,0,0,0,0,1,0,0,0,0,7,39871,1.513,808
CP,2007.33,1,0,0,0,0,0,0,1,0,0,0,0,7,39871,1.513,854
CP,2007.34,1,0,0,0,0,0,0,1,0,0,0,0,7,39871,1.513,857
CP,2007.35,1,0,0,0,0,0,0,1,0,0,0,0,7,39871,1.513,835
CP,2007.36,1,0,0,0,0,0,0,0,1,0,0,0,7,38460,1.491,765
CP,2007.37,1,0,0,0,0,0,0,0,1,0,0,0,7,38460,1.491,800
CP,2007.38,1,0,0,0,0,0,0,0,1,0,0,0,7,38460,1.491,863
CP,2007.39,0,0,0,0,0,0,0,0,1,0,0,0,7,38460,1.491,806
CP,2007.4,0,0,0,0,0,0,0,0,0,1,0,0,7,37868,1.49,802
CP,2007.41,0,0,0,0,0,0,0,0,0,1,0,0,7,37868,1.49,766
CP,2007.42,0,0,0,0,0,0,0,0,0,1,0,0,7,37868,1.49,801
CP,2007.43,0,0,0,0,0,0,0,0,0,1,0,0,7,37868,1.49,718
CP,2007.44,0,0,0,0,0,0,0,0,0,1,0,0,7,37868,1.49,724
CP,2007.45,0,0,0,0,0,0,0,0,0,0,1,0,7,36908,1.499,709
CP,2007.46,0,0,0,0,0,0,0,0,0,0,1,0,7,36908,1.499,760
CP,2007.47,0,0,0,0,0,0,0,0,0,0,1,0,7,36908,1.499,684
CP,2007.48,0,0,0,0,0,0,0,0,0,0,1,0,7,36908,1.499,730
CP,2007.49,0,0,0,0,0,0,0,0,0,0,0,1,7,37439,1.485,715
CP,2007.5,0,0,0,0,0,0,0,0,0,0,0,1,7,37439,1.485,733
CP,2007.51,0,0,0,0,0,0,0,0,0,0,0,1,7,37439,1.485,688
CP,2007.52,0,0,0,0,0,0,0,0,0,0,0,1,7,37439,1.485,676
CP,2007.53,0,0,0,0,0,0,0,0,0,0,0,1,1,37439,1.485,77
CP,2008,0,0,0,0,0,0,0,0,0,0,0,0,6,42908,1.481,655
CP,2008.01,0,0,0,0,0,0,0,0,0,0,0,0,7,42908,1.481,858
CP,2008.02,0,0,0,0,0,0,0,0,0,0,0,0,7,42908,1.481,740
CP,2008.03,0,0,0,0,0,0,0,0,0,0,0,0,7,42908,1.481,748
CP,2008.04,0,0,0,0,0,0,0,0,0,0,0,0,7,42908,1.481,699
CP,2008.05,0,1,0,0,0,0,0,0,0,0,0,0,7,40772,1.483,769
CP,2008.06,0,1,0,0,0,0,0,0,0,0,0,0,7,40772,1.483,684
CP,2008.07,0,1,0,0,0,0,0,0,0,0,0,0,7,40772,1.483,680
CP,2008.08,0,1,0,0,0,0,0,0,0,0,0,0,7,40772,1.483,801
CP,2008.09,0,0,1,0,0,0,0,0,0,0,0,0,7,40379,1.534,693
CP,2008.1,0,0,1,0,0,0,0,0,0,0,0,0,7,40379,1.534,819
CP,2008.11,0,0,1,0,0,0,0,0,0,0,0,0,7,40379,1.534,723
CP,2008.12,0,0,1,0,0,0,0,0,0,0,0,0,7,40379,1.534,746
CP,2008.13,0,0,1,0,0,0,0,0,0,0,0,0,7,40379,1.534,756
CP,2008.14,0,0,0,1,0,0,0,0,0,0,0,0,7,36775,1.528,863
CP,2008.15,0,0,0,1,0,0,0,0,0,0,0,0,7,36775,1.528,776
CP,2008.16,0,0,0,1,0,0,0,0,0,0,0,0,7,36775,1.528,774
CP,2008.17,0,0,0,1,0,0,0,0,0,0,0,0,7,36775,1.528,751
CP,2008.18,0,0,0,0,1,0,0,0,0,0,0,0,7,42376,1.528,785
CP,2008.19,0,0,0,0,1,0,0,0,0,0,0,0,7,42376,1.528,764
CP,2008.2,0,0,0,0,1,0,0,0,0,0,0,0,7,42376,1.528,784
CP,2008.21,0,0,0,0,1,0,0,0,0,0,0,0,7,42376,1.528,782
CP,2008.22,0,0,0,0,0,1,0,0,0,0,0,0,7,44833,1.712,794
CP,2008.23,0,0,0,0,0,1,0,0,0,0,0,0,7,44833,1.712,816
CP,2008.24,1,0,0,0,0,1,0,0,0,0,0,0,7,44833,1.712,894
CP,2008.25,1,0,0,0,0,1,0,0,0,0,0,0,7,44833,1.712,882
CP,2008.26,1,0,0,0,0,1,0,0,0,0,0,0,7,44833,1.712,833
CP,2008.27,1,0,0,0,0,0,1,0,0,0,0,0,7,47496,1.712,925
CP,2008.28,1,0,0,0,0,0,1,0,0,0,0,0,7,47496,1.712,840
CP,2008.29,1,0,0,0,0,0,1,0,0,0,0,0,7,47496,1.712,803
CP,2008.3,1,0,0,0,0,0,1,0,0,0,0,0,7,47496,1.712,861
CP,2008.31,1,0,0,0,0,0,0,1,0,0,0,0,7,48560,1.712,869
CP,2008.32,1,0,0,0,0,0,0,1,0,0,0,0,7,48560,1.712,857
CP,2008.33,1,0,0,0,0,0,0,1,0,0,0,0,7,48560,1.712,836
CP,2008.34,1,0,0,0,0,0,0,1,0,0,0,0,7,48560,1.712,765
CP,2008.35,1,0,0,0,0,0,0,0,1,0,0,0,7,45534,1.663,784
CP,2008.36,1,0,0,0,0,0,0,0,1,0,0,0,7,45534,1.663,749
CP,2008.37,1,0,0,0,0,0,0,0,1,0,0,0,7,45534,1.663,781
CP,2008.38,1,0,0,0,0,0,0,0,1,0,0,0,7,45534,1.663,743
CP,2008.39,0,0,0,0,0,0,0,0,1,0,0,0,7,45534,1.663,713
CP,2008.4,0,0,0,0,0,0,0,0,0,1,0,0,7,47123,1.683,797
CP,2008.41,0,0,0,0,0,0,0,0,0,1,0,0,7,47123,1.683,801
CP,2008.42,0,0,0,0,0,0,0,0,0,1,0,0,7,47123,1.683,724
CP,2008.43,0,0,0,0,0,0,0,0,0,1,0,0,7,47123,1.683,820
CP,2008.44,0,0,0,0,0,0,0,0,0,0,1,0,7,47956,1.698,748
CP,2008.45,0,0,0,0,0,0,0,0,0,0,1,0,7,47956,1.698,694
CP,2008.46,0,0,0,0,0,0,0,0,0,0,1,0,7,47956,1.698,659
CP,2008.47,0,0,0,0,0,0,0,0,0,0,1,0,7,47956,1.698,626
CP,2008.48,0,0,0,0,0,0,0,0,0,0,0,1,7,50439,1.606,719
CP,2008.49,0,0,0,0,0,0,0,0,0,0,0,1,7,50439,1.606,648
CP,2008.5,0,0,0,0,0,0,0,0,0,0,0,1,7,50439,1.606,691
CP,2008.51,0,0,0,0,0,0,0,0,0,0,0,1,7,50439,1.606,580
CP,2008.52,0,0,0,0,0,0,0,0,0,0,0,1,3,50439,1.606,264
CP,2009,0,0,0,0,0,0,0,0,0,0,0,0,4,59947,1.606,384
CP,2009.01,0,0,0,0,0,0,0,0,0,0,0,0,7,59947,1.606,568
CP,2009.02,0,0,0,0,0,0,0,0,0,0,0,0,7,59947,1.606,635
CP,2009.03,0,0,0,0,0,0,0,0,0,0,0,0,7,59947,1.606,648
CP,2009.04,0,0,0,0,0,0,0,0,0,0,0,0,7,59947,1.606,571
CP,2009.05,0,1,0,0,0,0,0,0,0,0,0,0,7,61315,1.606,555
CP,2009.06,0,1,0,0,0,0,0,0,0,0,0,0,7,61315,1.606,659
CP,2009.07,0,1,0,0,0,0,0,0,0,0,0,0,7,61315,1.606,587
CP,2009.08,0,1,0,0,0,0,0,0,0,0,0,0,7,61315,1.606,657
CP,2009.09,0,0,1,0,0,0,0,0,0,0,0,0,7,60996,1.487,604
CP,2009.1,0,0,1,0,0,0,0,0,0,0,0,0,7,60996,1.487,634
CP,2009.11,0,0,1,0,0,0,0,0,0,0,0,0,7,60996,1.487,726
CP,2009.12,0,0,1,0,0,0,0,0,0,0,0,0,7,60996,1.487,665
CP,2009.13,0,0,1,0,0,0,0,0,0,0,0,0,7,60996,1.487,667
CP,2009.14,0,0,0,1,0,0,0,0,0,0,0,0,7,56296,1.48,732
CP,2009.15,0,0,0,1,0,0,0,0,0,0,0,0,7,56296,1.48,643
CP,2009.16,0,0,0,1,0,0,0,0,0,0,0,0,7,56296,1.48,738
CP,2009.17,0,0,0,1,0,0,0,0,0,0,0,0,7,56296,1.48,758
CP,2009.18,0,0,0,0,1,0,0,0,0,0,0,0,7,62571,1.483,672
CP,2009.19,0,0,0,0,1,0,0,0,0,0,0,0,7,62571,1.483,691
CP,2009.2,0,0,0,0,1,0,0,0,0,0,0,0,7,62571,1.483,797
CP,2009.21,0,0,0,0,1,0,0,0,0,0,0,0,7,62571,1.483,738
CP,2009.22,0,0,0,0,0,1,0,0,0,0,0,0,7,65829,1.398,732
CP,2009.23,0,0,0,0,0,1,0,0,0,0,0,0,7,65829,1.398,789
CP,2009.24,1,0,0,0,0,1,0,0,0,0,0,0,7,65829,1.398,686
CP,2009.25,1,0,0,0,0,1,0,0,0,0,0,0,7,65829,1.398,839
CP,2009.26,1,0,0,0,0,1,0,0,0,0,0,0,7,65829,1.398,785
CP,2009.27,1,0,0,0,0,0,1,0,0,0,0,0,7,68442,1.398,811
CP,2009.28,1,0,0,0,0,0,1,0,0,0,0,0,7,68442,1.398,754
CP,2009.29,1,0,0,0,0,0,1,0,0,0,0,0,7,68442,1.398,821
CP,2009.3,1,0,0,0,0,0,1,0,0,0,0,0,7,68442,1.398,711
CP,2009.31,1,0,0,0,0,0,0,1,0,0,0,0,7,67983,1.398,849
CP,2009.32,1,0,0,0,0,0,0,1,0,0,0,0,7,67983,1.398,799
CP,2009.33,1,0,0,0,0,0,0,1,0,0,0,0,7,67983,1.398,803
CP,2009.34,1,0,0,0,0,0,0,1,0,0,0,0,7,67983,1.398,809
CP,2009.35,1,0,0,0,0,0,0,1,0,0,0,0,7,67983,1.398,835
CP,2009.36,1,0,0,0,0,0,0,0,1,0,0,0,7,65854,1.378,688
CP,2009.37,1,0,0,0,0,0,0,0,1,0,0,0,7,65854,1.378,737
CP,2009.38,1,0,0,0,0,0,0,0,1,0,0,0,7,65854,1.378,777
CP,2009.39,0,0,0,0,0,0,0,0,1,0,0,0,7,65854,1.378,784
CP,2009.4,0,0,0,0,0,0,0,0,0,1,0,0,7,65774,1.321,734
CP,2009.41,0,0,0,0,0,0,0,0,0,1,0,0,7,65774,1.321,660
CP,2009.42,0,0,0,0,0,0,0,0,0,1,0,0,7,65774,1.321,806
CP,2009.43,0,0,0,0,0,0,0,0,0,1,0,0,7,65774,1.321,632
CP,2009.44,0,0,0,0,0,0,0,0,0,0,1,0,7,64266,1.325,633
CP,2009.45,0,0,0,0,0,0,0,0,0,0,1,0,7,64266,1.325,665
CP,2009.46,0,0,0,0,0,0,0,0,0,0,1,0,7,64266,1.325,711
CP,2009.47,0,0,0,0,0,0,0,0,0,0,1,0,7,64266,1.325,626
CP,2009.48,0,0,0,0,0,0,0,0,0,0,1,0,7,64266,1.325,654
CP,2009.49,0,0,0,0,0,0,0,0,0,0,0,1,7,63756,1.349,611
CP,2009.5,0,0,0,0,0,0,0,0,0,0,0,1,7,63756,1.349,571
CP,2009.51,0,0,0,0,0,0,0,0,0,0,0,1,7,63756,1.349,477
CP,2009.52,0,0,0,0,0,0,0,0,0,0,0,1,4,63756,1.349,377
CP,2010,0,0,0,0,0,0,0,0,0,0,0,0,3,74593,1.353,253
CP,2010.01,0,0,0,0,0,0,0,0,0,0,0,0,7,74593,1.353,593
CP,2010.02,0,0,0,0,0,0,0,0,0,0,0,0,7,74593,1.353,672
CP,2010.03,0,0,0,0,0,0,0,0,0,0,0,0,7,74593,1.353,642
CP,2010.04,0,0,0,0,0,0,0,0,0,0,0,0,7,74593,1.353,628
CP,2010.05,0,1,0,0,0,0,0,0,0,0,0,0,7,73592,1.352,530
CP,2010.06,0,1,0,0,0,0,0,0,0,0,0,0,7,73592,1.352,429
CP,2010.07,0,1,0,0,0,0,0,0,0,0,0,0,7,73592,1.352,619
CP,2010.08,0,1,0,0,0,0,0,0,0,0,0,0,7,73592,1.352,574
CP,2010.09,0,0,1,0,0,0,0,0,0,0,0,0,7,72694,1.383,620
CP,2010.1,0,0,1,0,0,0,0,0,0,0,0,0,7,72694,1.383,671
CP,2010.11,0,0,1,0,0,0,0,0,0,0,0,0,7,72694,1.383,702
CP,2010.12,0,0,1,0,0,0,0,0,0,0,0,0,7,72694,1.383,663
CP,2010.13,0,0,1,0,0,0,0,0,0,0,0,0,7,72694,1.383,662
CP,2010.14,0,0,0,1,0,0,0,0,0,0,0,0,7,69944,1.375,718
CP,2010.15,0,0,0,1,0,0,0,0,0,0,0,0,7,69944,1.375,704
CP,2010.16,0,0,0,1,0,0,0,0,0,0,0,0,7,69944,1.375,722
CP,2010.17,0,0,0,1,0,0,0,0,0,0,0,0,7,69944,1.375,720
CP,2010.18,0,0,0,0,1,0,0,0,0,0,0,0,7,73123,1.375,803
CP,2010.19,0,0,0,0,1,0,0,0,0,0,0,0,7,73123,1.375,728
CP,2010.2,0,0,0,0,1,0,0,0,0,0,0,0,7,73123,1.375,672
CP,2010.21,0,0,0,0,1,0,0,0,0,0,0,0,7,73123,1.375,730
CP,2010.22,0,0,0,0,1,0,0,0,0,0,0,0,7,73123,1.375,695
CP,2010.23,0,0,0,0,0,1,0,0,0,0,0,0,7,74479,1.292,798
CP,2010.24,0,0,0,0,0,1,0,0,0,0,0,0,7,74479,1.292,716
CP,2010.25,1,0,0,0,0,1,0,0,0,0,0,0,7,74479,1.292,833
CP,2010.26,1,0,0,0,0,1,0,0,0,0,0,0,7,74479,1.292,843
CP,2010.27,1,0,0,0,0,0,1,0,0,0,0,0,7,77862,1.287,805
CP,2010.28,1,0,0,0,0,0,1,0,0,0,0,0,7,77862,1.287,775
CP,2010.29,1,0,0,0,0,0,1,0,0,0,0,0,7,77862,1.287,811
CP,2010.3,1,0,0,0,0,0,1,0,0,0,0,0,7,77862,1.287,846
CP,2010.31,1,0,0,0,0,0,0,1,0,0,0,0,7,76094,1.287,847
CP,2010.32,1,0,0,0,0,0,0,1,0,0,0,0,7,76094,1.287,748
CP,2010.33,1,0,0,0,0,0,0,1,0,0,0,0,7,76094,1.287,789
CP,2010.34,1,0,0,0,0,0,0,1,0,0,0,0,7,76094,1.287,810
CP,2010.35,1,0,0,0,0,0,0,1,0,0,0,0,7,76094,1.287,827
CP,2010.36,1,0,0,0,0,0,0,0,1,0,0,0,7,70586,1.303,753
CP,2010.37,1,0,0,0,0,0,0,0,1,0,0,0,7,70586,1.303,738
CP,2010.38,1,0,0,0,0,0,0,0,1,0,0,0,7,70586,1.303,766
CP,2010.39,0,0,0,0,0,0,0,0,1,0,0,0,7,70586,1.303,723
CP,2010.4,0,0,0,0,0,0,0,0,0,1,0,0,7,69967,1.293,623
CP,2010.41,0,0,0,0,0,0,0,0,0,1,0,0,7,69967,1.293,744
CP,2010.42,0,0,0,0,0,0,0,0,0,1,0,0,7,69967,1.293,776
CP,2010.43,0,0,0,0,0,0,0,0,0,1,0,0,7,69967,1.293,808
CP,2010.44,0,0,0,0,0,0,0,0,0,0,1,0,7,71748,1.3,619
CP,2010.45,0,0,0,0,0,0,0,0,0,0,1,0,7,71748,1.3,713
CP,2010.46,0,0,0,0,0,0,0,0,0,0,1,0,7,71748,1.3,717
CP,2010.47,0,0,0,0,0,0,0,0,0,0,1,0,7,71748,1.3,632
CP,2010.48,0,0,0,0,0,0,0,0,0,0,1,0,7,71748,1.3,663
CP,2010.49,0,0,0,0,0,0,0,0,0,0,0,1,7,68147,1.257,613
CP,2010.5,0,0,0,0,0,0,0,0,0,0,0,1,7,68147,1.257,554
CP,2010.51,0,0,0,0,0,0,0,0,0,0,0,1,7,68147,1.257,469
CP,2010.52,0,0,0,0,0,0,0,0,0,0,0,1,5,68147,1.257,401
CP,2011,0,0,0,0,0,0,0,0,0,0,0,0,2,75237,1.273,208
CP,2011.01,0,0,0,0,0,0,0,0,0,0,0,0,7,75237,1.273,604
CP,2011.02,0,0,0,0,0,0,0,0,0,0,0,0,7,75237,1.273,543
CP,2011.03,0,0,0,0,0,0,0,0,0,0,0,0,7,75237,1.273,613
CP,2011.04,0,0,0,0,0,0,0,0,0,0,0,0,7,75237,1.273,452
CP,2011.05,0,0,0,0,0,0,0,0,0,0,0,0,7,75237,1.273,559
CP,2011.06,0,1,0,0,0,0,0,0,0,0,0,0,7,71812,1.274,642
CP,2011.07,0,1,0,0,0,0,0,0,0,0,0,0,7,71812,1.274,654
CP,2011.08,0,1,0,0,0,0,0,0,0,0,0,0,7,71812,1.274,616
CP,2011.09,0,1,0,0,0,0,0,0,0,0,0,0,7,71812,1.274,689
CP,2011.1,0,0,1,0,0,0,0,0,0,0,0,0,7,69611,1.315,666
CP,2011.11,0,0,1,0,0,0,0,0,0,0,0,0,7,69611,1.315,694
CP,2011.12,0,0,1,0,0,0,0,0,0,0,0,0,7,69611,1.315,621
CP,2011.13,0,0,1,0,0,0,0,0,0,0,0,0,7,69611,1.315,575
CP,2011.14,0,0,0,1,0,0,0,0,0,0,0,0,7,65605,1.308,655
CP,2011.15,0,0,0,1,0,0,0,0,0,0,0,0,7,65605,1.308,637
CP,2011.16,0,0,0,1,0,0,0,0,0,0,0,0,7,65605,1.308,715
CP,2011.17,0,0,0,1,0,0,0,0,0,0,0,0,7,65605,1.308,704
CP,2011.18,0,0,0,0,1,0,0,0,0,0,0,0,7,71923,1.309,741
CP,2011.19,0,0,0,0,1,0,0,0,0,0,0,0,7,71923,1.309,687
CP,2011.2,0,0,0,0,1,0,0,0,0,0,0,0,7,71923,1.309,721
CP,2011.21,0,0,0,0,1,0,0,0,0,0,0,0,7,71923,1.309,803
CP,2011.22,0,0,0,0,1,0,0,0,0,0,0,0,7,71923,1.309,768
CP,2011.23,0,0,0,0,0,1,0,0,0,0,0,0,7,77076,1.257,707
CP,2011.24,0,0,0,0,0,1,0,0,0,0,0,0,7,77076,1.257,853
CP,2011.25,1,0,0,0,0,1,0,0,0,0,0,0,7,77076,1.257,851
CP,2011.26,1,0,0,0,0,1,0,0,0,0,0,0,7,77076,1.257,791
CP,2011.27,1,0,0,0,0,0,1,0,0,0,0,0,7,81478,1.257,822
CP,2011.28,1,0,0,0,0,0,1,0,0,0,0,0,7,81478,1.257,788
CP,2011.29,1,0,0,0,0,0,1,0,0,0,0,0,7,81478,1.257,776
CP,2011.3,1,0,0,0,0,0,1,0,0,0,0,0,7,81478,1.257,789
CP,2011.31,1,0,0,0,0,0,0,1,0,0,0,0,7,79715,1.256,743
CP,2011.32,1,0,0,0,0,0,0,1,0,0,0,0,7,79715,1.256,904
CP,2011.33,1,0,0,0,0,0,0,1,0,0,0,0,7,79715,1.256,780
CP,2011.34,1,0,0,0,0,0,0,1,0,0,0,0,7,79715,1.256,606
CP,2011.35,1,0,0,0,0,0,0,1,0,0,0,0,7,79715,1.256,780
CP,2011.36,1,0,0,0,0,0,0,0,1,0,0,0,7,76153,1.22,782
CP,2011.37,1,0,0,0,0,0,0,0,1,0,0,0,7,76153,1.22,726
CP,2011.38,1,0,0,0,0,0,0,0,1,0,0,0,7,76153,1.22,732
CP,2011.39,0,0,0,0,0,0,0,0,1,0,0,0,7,76153,1.22,727
CP,2011.4,0,0,0,0,0,0,0,0,0,1,0,0,7,74783,1.209,642
CP,2011.41,0,0,0,0,0,0,0,0,0,1,0,0,7,74783,1.209,698
CP,2011.42,0,0,0,0,0,0,0,0,0,1,0,0,7,74783,1.209,717
CP,2011.43,0,0,0,0,0,0,0,0,0,1,0,0,7,74783,1.209,665
CP,2011.44,0,0,0,0,0,0,0,0,0,1,0,0,7,74783,1.209,678
CP,2011.45,0,0,0,0,0,0,0,0,0,0,1,0,7,71315,1.214,649
CP,2011.46,0,0,0,0,0,0,0,0,0,0,1,0,7,71315,1.214,593
CP,2011.47,0,0,0,0,0,0,0,0,0,0,1,0,7,71315,1.214,580
CP,2011.48,0,0,0,0,0,0,0,0,0,0,1,0,7,71315,1.214,617
CP,2011.49,0,0,0,0,0,0,0,0,0,0,0,1,7,69907,1.243,611
CP,2011.5,0,0,0,0,0,0,0,0,0,0,0,1,7,69907,1.243,593
CP,2011.51,0,0,0,0,0,0,0,0,0,0,0,1,7,69907,1.243,580
CP,2011.52,0,0,0,0,0,0,0,0,0,0,0,1,6,69907,1.243,483
CP,2012,0,0,0,0,0,0,0,0,0,0,0,0,1,76690,1.238,87
CP,2012.01,0,0,0,0,0,0,0,0,0,0,0,0,7,76690,1.238,625
CP,2012.02,0,0,0,0,0,0,0,0,0,0,0,0,7,76690,1.238,595
CP,2012.03,0,0,0,0,0,0,0,0,0,0,0,0,7,76690,1.238,574
CP,2012.04,0,0,0,0,0,0,0,0,0,0,0,0,7,76690,1.238,619
CP,2012.05,0,0,0,0,0,0,0,0,0,0,0,0,7,76690,1.238,620
CP,2012.06,0,1,0,0,0,0,0,0,0,0,0,0,7,75242,1.223,591
CP,2012.07,0,1,0,0,0,0,0,0,0,0,0,0,7,75242,1.223,641
CP,2012.08,0,1,0,0,0,0,0,0,0,0,0,0,7,75242,1.223,693
CP,2012.09,0,1,0,0,0,0,0,0,0,0,0,0,7,75242,1.223,644
CP,2012.1,0,0,1,0,0,0,0,0,0,0,0,0,7,73466,1.198,657
CP,2012.11,0,0,1,0,0,0,0,0,0,0,0,0,7,73466,1.198,775
CP,2012.12,0,0,1,0,0,0,0,0,0,0,0,0,7,73466,1.198,701
CP,2012.13,0,0,1,0,0,0,0,0,0,0,0,0,7,73466,1.198,693
CP,2012.14,0,0,0,1,0,0,0,0,0,0,0,0,7,67273,1.192,774
CP,2012.15,0,0,0,1,0,0,0,0,0,0,0,0,7,67273,1.192,623
CP,2012.16,0,0,0,1,0,0,0,0,0,0,0,0,7,67273,1.192,673
CP,2012.17,0,0,0,1,0,0,0,0,0,0,0,0,7,67273,1.192,676
CP,2012.18,0,0,0,1,0,0,0,0,0,0,0,0,7,67273,1.192,720
CP,2012.19,0,0,0,0,1,0,0,0,0,0,0,0,7,75176,1.194,678
CP,2012.2,0,0,0,0,1,0,0,0,0,0,0,0,7,75176,1.194,674
CP,2012.21,0,0,0,0,1,0,0,0,0,0,0,0,7,75176,1.194,697
CP,2012.22,0,0,0,0,1,0,0,0,0,0,0,0,7,75176,1.194,673
CP,2012.23,0,0,0,0,0,1,0,0,0,0,0,0,7,80233,1.17,770
CP,2012.24,0,0,0,0,0,1,0,0,0,0,0,0,7,80233,1.17,701
CP,2012.25,1,0,0,0,0,1,0,0,0,0,0,0,7,80233,1.17,714
CP,2012.26,1,0,0,0,0,1,0,0,0,0,0,0,7,80233,1.17,714
CP,2012.27,1,0,0,0,0,0,1,0,0,0,0,0,7,84929,1.169,665
CP,2012.28,1,0,0,0,0,0,1,0,0,0,0,0,7,84929,1.169,681
CP,2012.29,1,0,0,0,0,0,1,0,0,0,0,0,7,84929,1.169,684
CP,2012.3,1,0,0,0,0,0,1,0,0,0,0,0,7,84929,1.169,659
CP,2012.31,1,0,0,0,0,0,1,0,0,0,0,0,7,84929,1.169,679
CP,2012.32,1,0,0,0,0,0,0,1,0,0,0,0,7,82763,1.169,771
CP,2012.33,1,0,0,0,0,0,0,1,0,0,0,0,7,82763,1.169,726
CP,2012.34,1,0,0,0,0,0,0,1,0,0,0,0,7,82763,1.169,794
CP,2012.35,1,0,0,0,0,0,0,1,0,0,0,0,7,82763,1.169,719
CP,2012.36,1,0,0,0,0,0,0,0,1,0,0,0,7,76146,1.179,689
CP,2012.37,1,0,0,0,0,0,0,0,1,0,0,0,7,76146,1.179,693
CP,2012.38,1,0,0,0,0,0,0,0,1,0,0,0,7,76146,1.179,703
CP,2012.39,0,0,0,0,0,0,0,0,1,0,0,0,7,76146,1.179,668
CP,2012.4,0,0,0,0,0,0,0,0,0,1,0,0,7,76990,1.173,708
CP,2012.41,0,0,0,0,0,0,0,0,0,1,0,0,7,76990,1.173,666
CP,2012.42,0,0,0,0,0,0,0,0,0,1,0,0,7,76990,1.173,702
CP,2012.43,0,0,0,0,0,0,0,0,0,1,0,0,7,76990,1.173,687
CP,2012.44,0,0,0,0,0,0,0,0,0,1,0,0,7,76990,1.173,566
CP,2012.45,0,0,0,0,0,0,0,0,0,0,1,0,7,72008,1.176,580
CP,2012.46,0,0,0,0,0,0,0,0,0,0,1,0,7,72008,1.176,576
CP,2012.47,0,0,0,0,0,0,0,0,0,0,1,0,7,72008,1.176,554
CP,2012.48,0,0,0,0,0,0,0,0,0,0,1,0,7,72008,1.176,569
CP,2012.49,0,0,0,0,0,0,0,0,0,0,0,1,7,73780,1.194,629
CP,2012.5,0,0,0,0,0,0,0,0,0,0,0,1,7,73780,1.194,618
CP,2012.51,0,0,0,0,0,0,0,0,0,0,0,1,7,73780,1.194,543
CP,2012.52,0,0,0,0,0,0,0,0,0,0,0,1,7,73780,1.194,417
CP,2012.53,0,0,0,0,0,0,0,0,0,0,0,1,1,73780,1.194,61
CP,2013,0,0,0,0,0,0,0,0,0,0,0,0,6,83308,1.187,536
CP,2013.01,0,0,0,0,0,0,0,0,0,0,0,0,7,83308,1.187,579
CP,2013.02,0,0,0,0,0,0,0,0,0,0,0,0,7,83308,1.187,576
CP,2013.03,0,0,0,0,0,0,0,0,0,0,0,0,7,83308,1.187,448
CP,2013.04,0,0,0,0,0,0,0,0,0,0,0,0,7,83308,1.187,510
CP,2013.05,0,1,0,0,0,0,0,0,0,0,0,0,7,77129,1.188,504
CP,2013.06,0,1,0,0,0,0,0,0,0,0,0,0,7,77129,1.188,524
CP,2013.07,0,1,0,0,0,0,0,0,0,0,0,0,7,77129,1.188,543
CP,2013.08,0,1,0,0,0,0,0,0,0,0,0,0,7,77129,1.188,560
CP,2013.09,0,0,1,0,0,0,0,0,0,0,0,0,7,73266,1.224,603
CP,2013.1,0,0,1,0,0,0,0,0,0,0,0,0,7,73266,1.224,587
CP,2013.11,0,0,1,0,0,0,0,0,0,0,0,0,7,73266,1.224,567
CP,2013.12,0,0,1,0,0,0,0,0,0,0,0,0,7,73266,1.224,612
CP,2013.13,0,0,0,1,0,0,0,0,0,0,0,0,7,67452,1.214,575
CP,2013.14,0,0,0,1,0,0,0,0,0,0,0,0,7,67452,1.214,602
CP,2013.15,0,0,0,1,0,0,0,0,0,0,0,0,7,67452,1.214,694
CP,2013.16,0,0,0,1,0,0,0,0,0,0,0,0,7,67452,1.214,611
CP,2013.17,0,0,0,1,0,0,0,0,0,0,0,0,7,67452,1.214,590
CP,2013.18,0,0,0,0,1,0,0,0,0,0,0,0,7,72640,1.216,682
CP,2013.19,0,0,0,0,1,0,0,0,0,0,0,0,7,72640,1.216,670
CP,2013.2,0,0,0,0,1,0,0,0,0,0,0,0,7,72640,1.216,635
CP,2013.21,0,0,0,0,1,0,0,0,0,0,0,0,7,72640,1.216,646
CP,2013.22,0,0,0,0,0,1,0,0,0,0,0,0,7,75706,1.215,706
CP,2013.23,0,0,0,0,0,1,0,0,0,0,0,0,7,75706,1.215,701
CP,2013.24,1,0,0,0,0,1,0,0,0,0,0,0,7,75706,1.215,713
CP,2013.25,1,0,0,0,0,1,0,0,0,0,0,0,7,75706,1.215,666
CP,2013.26,1,0,0,0,0,0,1,0,0,0,0,0,7,77628,1.219,706
CP,2013.27,1,0,0,0,0,0,1,0,0,0,0,0,7,77628,1.219,641
CP,2013.28,1,0,0,0,0,0,1,0,0,0,0,0,7,77628,1.219,729
CP,2013.29,1,0,0,0,0,0,1,0,0,0,0,0,7,77628,1.219,706
CP,2013.3,1,0,0,0,0,0,1,0,0,0,0,0,7,77628,1.219,678
CP,2013.31,1,0,0,0,0,0,0,1,0,0,0,0,7,75479,1.216,724
CP,2013.32,1,0,0,0,0,0,0,1,0,0,0,0,7,75479,1.216,699
CP,2013.33,1,0,0,0,0,0,0,1,0,0,0,0,7,75479,1.216,678
CP,2013.34,1,0,0,0,0,0,0,1,0,0,0,0,7,75479,1.216,641
CP,2013.35,1,0,0,0,0,0,0,0,1,0,0,0,7,70111,1.186,680
CP,2013.36,1,0,0,0,0,0,0,0,1,0,0,0,7,70111,1.186,673
CP,2013.37,1,0,0,0,0,0,0,0,1,0,0,0,7,70111,1.186,574
CP,2013.38,0,0,0,0,0,0,0,0,1,0,0,0,7,70111,1.186,608
CP,2013.39,0,0,0,0,0,0,0,0,1,0,0,0,7,70111,1.186,623
CP,2013.4,0,0,0,0,0,0,0,0,0,1,0,0,7,69831,1.176,623
CP,2013.41,0,0,0,0,0,0,0,0,0,1,0,0,7,69831,1.176,692
CP,2013.42,0,0,0,0,0,0,0,0,0,1,0,0,7,69831,1.176,606
CP,2013.43,0,0,0,0,0,0,0,0,0,1,0,0,7,69831,1.176,655
CP,2013.44,0,0,0,0,0,0,0,0,0,0,1,0,7,63408,1.147,595
CP,2013.45,0,0,0,0,0,0,0,0,0,0,1,0,7,63408,1.147,599
CP,2013.46,0,0,0,0,0,0,0,0,0,0,1,0,7,63408,1.147,532
CP,2013.47,0,0,0,0,0,0,0,0,0,0,1,0,7,63408,1.147,463
CP,2013.48,0,0,0,0,0,0,0,0,0,0,0,1,7,58411,1.127,541
CP,2013.49,0,0,0,0,0,0,0,0,0,0,0,1,7,58411,1.127,454
CP,2013.5,0,0,0,0,0,0,0,0,0,0,0,1,7,58411,1.127,495
CP,2013.51,0,0,0,0,0,0,0,0,0,0,0,1,7,58411,1.127,387
CP,2013.52,0,0,0,0,0,0,0,0,0,0,0,1,2,58411,1.127,134
CP,2014,0,0,0,0,0,0,0,0,0,0,0,0,5,63662,1.163,259
CP,2014.01,0,0,0,0,0,0,0,0,0,0,0,0,7,63662,1.163,424
CP,2014.02,0,0,0,0,0,0,0,0,0,0,0,0,7,63662,1.163,510
CP,2014.03,0,0,0,0,0,0,0,0,0,0,0,0,7,63662,1.163,314
CP,2014.04,0,0,0,0,0,0,0,0,0,0,0,0,7,63662,1.163,415
CP,2014.05,0,1,0,0,0,0,0,0,0,0,0,0,7,62403,1.129,472
CP,2014.06,0,1,0,0,0,0,0,0,0,0,0,0,7,62403,1.129,397
CP,2014.07,0,1,0,0,0,0,0,0,0,0,0,0,7,62403,1.129,477
CP,2014.08,0,1,0,0,0,0,0,0,0,0,0,0,7,62403,1.129,458
CP,2014.09,0,0,1,0,0,0,0,0,0,0,0,0,7,61131,1.219,455
CP,2014.1,0,0,1,0,0,0,0,0,0,0,0,0,7,61131,1.219,519
CP,2014.11,0,0,1,0,0,0,0,0,0,0,0,0,7,61131,1.219,591
CP,2014.12,0,0,1,0,0,0,0,0,0,0,0,0,7,61131,1.219,495
CP,2014.13,0,0,1,0,0,0,0,0,0,0,0,0,7,61131,1.219,552
CP,2014.14,0,0,0,1,0,0,0,0,0,0,0,0,7,52018,1.233,629
CP,2014.15,0,0,0,1,0,0,0,0,0,0,0,0,7,52018,1.233,533
CP,2014.16,0,0,0,1,0,0,0,0,0,0,0,0,7,52018,1.233,590
CP,2014.17,0,0,0,1,0,0,0,0,0,0,0,0,7,52018,1.233,519
CP,2014.18,0,0,0,0,1,0,0,0,0,0,0,0,7,58777,1.23,581
CP,2014.19,0,0,0,0,1,0,0,0,0,0,0,0,7,58777,1.23,637
CP,2014.2,0,0,0,0,1,0,0,0,0,0,0,0,7,58777,1.23,642
CP,2014.21,0,0,0,0,1,0,0,0,0,0,0,0,7,58777,1.23,612
CP,2014.22,0,0,0,0,0,1,0,0,0,0,0,0,7,58013,1.233,604
CP,2014.23,0,0,0,0,0,1,0,0,0,0,0,0,7,58013,1.233,594
CP,2014.24,1,0,0,0,0,1,0,0,0,0,0,0,7,58013,1.233,599
CP,2014.25,1,0,0,0,0,1,0,0,0,0,0,0,7,58013,1.233,614
CP,2014.26,1,0,0,0,0,1,0,0,0,0,0,0,7,58013,1.233,620
CP,2014.27,1,0,0,0,0,0,1,0,0,0,0,0,7,62450,1.236,554
CP,2014.28,1,0,0,0,0,0,1,0,0,0,0,0,7,62450,1.236,639
CP,2014.29,1,0,0,0,0,0,1,0,0,0,0,0,7,62450,1.236,700
CP,2014.3,1,0,0,0,0,0,1,0,0,0,0,0,7,62450,1.236,667
CP,2014.31,1,0,0,0,0,0,0,1,0,0,0,0,7,58529,1.237,606
CP,2014.32,1,0,0,0,0,0,0,1,0,0,0,0,7,58529,1.237,590
CP,2014.33,1,0,0,0,0,0,0,1,0,0,0,0,7,58529,1.237,557
CP,2014.34,1,0,0,0,0,0,0,1,0,0,0,0,7,58529,1.237,579
CP,2014.35,1,0,0,0,0,0,0,0,1,0,0,0,7,51451,1.144,677
CP,2014.36,1,0,0,0,0,0,0,0,1,0,0,0,7,51451,1.144,644
CP,2014.37,1,0,0,0,0,0,0,0,1,0,0,0,7,51451,1.144,687
CP,2014.38,1,0,0,0,0,0,0,0,1,0,0,0,7,51451,1.144,645
CP,2014.39,0,0,0,0,0,0,0,0,1,0,0,0,7,51451,1.144,693
CP,2014.4,0,0,0,0,0,0,0,0,0,1,0,0,7,50381,1.165,726
CP,2014.41,0,0,0,0,0,0,0,0,0,1,0,0,7,50381,1.165,674
CP,2014.42,0,0,0,0,0,0,0,0,0,1,0,0,7,50381,1.165,598
CP,2014.43,0,0,0,0,0,0,0,0,0,1,0,0,7,50381,1.165,731
CP,2014.44,0,0,0,0,0,0,0,0,0,0,1,0,7,48721,1.14,609
CP,2014.45,0,0,0,0,0,0,0,0,0,0,1,0,7,48721,1.14,592
CP,2014.46,0,0,0,0,0,0,0,0,0,0,1,0,7,48721,1.14,568
CP,2014.47,0,0,0,0,0,0,0,0,0,0,1,0,7,48721,1.14,523
CP,2014.48,0,0,0,0,0,0,0,0,0,0,0,1,7,45875,1.146,589
CP,2014.49,0,0,0,0,0,0,0,0,0,0,0,1,7,45875,1.146,559
CP,2014.5,0,0,0,0,0,0,0,0,0,0,0,1,7,45875,1.146,543
CP,2014.51,0,0,0,0,0,0,0,0,0,0,0,1,7,45875,1.146,470
CP,2014.52,0,0,0,0,0,0,0,0,0,0,0,1,3,45875,1.146,220
CP,2015,0,0,0,0,0,0,0,0,0,0,0,0,4,54104,1.14,329
CP,2015.01,0,0,0,0,0,0,0,0,0,0,0,0,7,54104,1.14,482
CP,2015.02,0,0,0,0,0,0,0,0,0,0,0,0,7,54104,1.14,649
CP,2015.03,0,0,0,0,0,0,0,0,0,0,0,0,7,54104,1.14,577
CP,2015.04,0,0,0,0,0,0,0,0,0,0,0,0,7,54104,1.14,548
CP,2015.05,0,1,0,0,0,0,0,0,0,0,0,0,7,50879,1.14,602
CP,2015.06,0,1,0,0,0,0,0,0,0,0,0,0,7,50879,1.14,557
CP,2015.07,0,1,0,0,0,0,0,0,0,0,0,0,7,50879,1.14,496
CP,2015.08,0,1,0,0,0,0,0,0,0,0,0,0,7,50879,1.14,586
CP,2015.09,0,0,1,0,0,0,0,0,0,0,0,0,7,49320,1.092,496
CP,2015.1,0,0,1,0,0,0,0,0,0,0,0,0,7,49320,1.092,607
CP,2015.11,0,0,1,0,0,0,0,0,0,0,0,0,7,49320,1.092,590
CP,2015.12,0,0,1,0,0,0,0,0,0,0,0,0,7,49320,1.092,627
CP,2015.13,0,0,1,0,0,0,0,0,0,0,0,0,7,49320,1.092,658
CP,2015.14,0,0,0,1,0,0,0,0,0,0,0,0,7,46180,1.087,678
CP,2015.15,0,0,0,1,0,0,0,0,0,0,0,0,7,46180,1.087,742
CP,2015.16,0,0,0,1,0,0,0,0,0,0,0,0,7,46180,1.087,774
CP,2015.17,0,0,0,1,0,0,0,0,0,0,0,0,7,46180,1.087,672
CP,2015.18,0,0,0,0,1,0,0,0,0,0,0,0,7,53225,1.118,745
CP,2015.19,0,0,0,0,1,0,0,0,0,0,0,0,7,53225,1.118,622
CP,2015.2,0,0,0,0,1,0,0,0,0,0,0,0,7,53225,1.118,667
CP,2015.21,0,0,0,0,1,0,0,0,0,0,0,0,7,53225,1.118,692
CP,2015.22,0,0,0,0,0,1,0,0,0,0,0,0,7,51468,1.039,711
CP,2015.23,0,0,0,0,0,1,0,0,0,0,0,0,7,51468,1.039,698
CP,2015.24,1,0,0,0,0,1,0,0,0,0,0,0,7,51468,1.039,667
CP,2015.25,1,0,0,0,0,1,0,0,0,0,0,0,7,51468,1.039,679
CP,2015.26,1,0,0,0,0,1,0,0,0,0,0,0,7,51468,1.039,701
CP,2015.27,1,0,0,0,0,0,1,0,0,0,0,0,7,55132,1.038,672
CP,2015.28,1,0,0,0,0,0,1,0,0,0,0,0,7,55132,1.038,601
CP,2015.29,1,0,0,0,0,0,1,0,0,0,0,0,7,55132,1.038,614
CP,2015.3,1,0,0,0,0,0,1,0,0,0,0,0,7,55132,1.038,607
CP,2015.31,1,0,0,0,0,0,0,1,0,0,0,0,7,50124,1.042,619
CP,2015.32,1,0,0,0,0,0,0,1,0,0,0,0,7,50124,1.042,623
CP,2015.33,1,0,0,0,0,0,0,1,0,0,0,0,7,50124,1.042,684
CP,2015.34,1,0,0,0,0,0,0,1,0,0,0,0,7,50124,1.042,675
CP,2015.35,1,0,0,0,0,0,0,1,0,0,0,0,7,50124,1.042,605
CP,2015.36,1,0,0,0,0,0,0,0,1,0,0,0,7,44703,1.026,561
CP,2015.37,1,0,0,0,0,0,0,0,1,0,0,0,7,44703,1.026,650
CP,2015.38,1,0,0,0,0,0,0,0,1,0,0,0,7,44703,1.026,475
CP,2015.39,0,0,0,0,0,0,0,0,1,0,0,0,7,44703,1.026,502
CP,2015.4,0,0,0,0,0,0,0,0,0,1,0,0,7,43005,0.999,570
CP,2015.41,0,0,0,0,0,0,0,0,0,1,0,0,7,43005,0.999,555
CP,2015.42,0,0,0,0,0,0,0,0,0,1,0,0,7,43005,0.999,577
CP,2015.43,0,0,0,0,0,0,0,0,0,1,0,0,7,43005,0.999,589
CP,2015.44,0,0,0,0,0,0,0,0,0,0,1,0,7,40368,0.999,593
CP,2015.45,0,0,0,0,0,0,0,0,0,0,1,0,7,40368,0.999,609
CP,2015.46,0,0,0,0,0,0,0,0,0,0,1,0,7,40368,0.999,525
CP,2015.47,0,0,0,0,0,0,0,0,0,0,1,0,7,40368,0.999,480
CP,2015.48,0,0,0,0,0,0,0,0,0,0,1,0,7,40368,0.999,504
CP,2015.49,0,0,0,0,0,0,0,0,0,0,0,1,7,36459,0.954,608
CP,2015.5,0,0,0,0,0,0,0,0,0,0,0,1,7,36459,0.954,516
CP,2015.51,0,0,0,0,0,0,0,0,0,0,0,1,7,36459,0.954,481
CP,2015.52,0,0,0,0,0,0,0,0,0,0,0,1,4,36459,0.954,310
CP,2016,0,0,0,0,0,0,0,0,0,0,0,0,3,44152,0.954,222
CP,2016.01,0,0,0,0,0,0,0,0,0,0,0,0,7,44152,0.954,489
CP,2016.02,0,0,0,0,0,0,0,0,0,0,0,0,7,44152,0.954,473
CP,2016.03,0,0,0,0,0,0,0,0,0,0,0,0,7,44152,0.954,339
CP,2016.04,0,0,0,0,0,0,0,0,0,0,0,0,7,44152,0.954,503
CP,2016.05,0,1,0,0,0,0,0,0,0,0,0,0,7,44178,0.955,527
CP,2016.06,0,1,0,0,0,0,0,0,0,0,0,0,7,44178,0.955,418
CP,2016.07,0,1,0,0,0,0,0,0,0,0,0,0,7,44178,0.955,524
CP,2016.08,0,1,0,0,0,0,0,0,0,0,0,0,7,44178,0.955,550
CP,2016.09,0,1,0,0,0,0,0,0,0,0,0,0,7,44178,0.955,497
CP,2016.1,0,0,1,0,0,0,0,0,0,0,0,0,7,47477,1.003,559
CP,2016.11,0,0,1,0,0,0,0,0,0,0,0,0,7,47477,1.003,565
CP,2016.12,0,0,1,0,0,0,0,0,0,0,0,0,7,47477,1.003,514
CP,2016.13,0,0,1,0,0,0,0,0,0,0,0,0,7,47477,1.003,570
CP,2016.14,0,0,0,1,0,0,0,0,0,0,0,0,7,46584,0.997,463
CP,2016.15,0,0,0,1,0,0,0,0,0,0,0,0,7,46584,0.997,501
CP,2016.16,0,0,0,1,0,0,0,0,0,0,0,0,7,46584,0.997,573
CP,2016.17,0,0,0,1,0,0,0,0,0,0,0,0,7,46584,0.997,543
CP,2016.18,0,0,0,0,1,0,0,0,0,0,0,0,7,49989,0.991,559
CP,2016.19,0,0,0,0,1,0,0,0,0,0,0,0,7,49989,0.991,584
CP,2016.2,0,0,0,0,1,0,0,0,0,0,0,0,7,49989,0.991,523
CP,2016.21,0,0,0,0,1,0,0,0,0,0,0,0,7,49989,0.991,572
CP,2016.22,0,0,0,0,1,0,0,0,0,0,0,0,7,49989,0.991,600
CP,2016.23,0,0,0,0,0,1,0,0,0,0,0,0,7,49192,0.992,606
CP,2016.24,0,0,0,0,0,1,0,0,0,0,0,0,7,49192,0.992,564
CP,2016.25,1,0,0,0,0,1,0,0,0,0,0,0,7,49192,0.992,622
CP,2016.26,1,0,0,0,0,1,0,0,0,0,0,0,7,49192,0.992,579
CP,2016.27,1,0,0,0,0,0,1,0,0,0,0,0,7,55291,0.993,533
CP,2016.28,1,0,0,0,0,0,1,0,0,0,0,0,7,55291,0.993,502
CP,2016.29,1,0,0,0,0,0,1,0,0,0,0,0,7,55291,0.993,544
CP,2016.3,1,0,0,0,0,0,1,0,0,0,0,0,7,55291,0.993,441
CP,2016.31,1,0,0,0,0,0,0,1,0,0,0,0,7,54853,0.993,534
CP,2016.32,1,0,0,0,0,0,0,1,0,0,0,0,7,54853,0.993,537
CP,2016.33,1,0,0,0,0,0,0,1,0,0,0,0,3,54853,0.993,233
WP,2006,0,0,0,0,0,0,0,0,0,0,0,0,1,39889,1.705,114
WP,2006.01,0,0,0,0,0,0,0,0,0,0,0,0,7,39889,1.705,706
WP,2006.02,0,0,0,0,0,0,0,0,0,0,0,0,7,39889,1.705,635
WP,2006.03,0,0,0,0,0,0,0,0,0,0,0,0,7,39889,1.705,721
WP,2006.04,0,0,0,0,0,0,0,0,0,0,0,0,7,39889,1.705,698
WP,2006.05,0,0,0,0,0,0,0,0,0,0,0,0,7,39889,1.705,652
WP,2006.06,0,1,0,0,0,0,0,0,0,0,0,0,7,39051,1.705,553
WP,2006.07,0,1,0,0,0,0,0,0,0,0,0,0,7,39051,1.705,598
WP,2006.08,0,1,0,0,0,0,0,0,0,0,0,0,7,39051,1.705,608
WP,2006.09,0,1,0,0,0,0,0,0,0,0,0,0,7,39051,1.705,597
WP,2006.1,0,0,1,0,0,0,0,0,0,0,0,0,7,37543,1.671,615
WP,2006.11,0,0,1,0,0,0,0,0,0,0,0,0,7,37543,1.671,635
WP,2006.12,0,0,1,0,0,0,0,0,0,0,0,0,7,37543,1.671,620
WP,2006.13,0,0,1,0,0,0,0,0,0,0,0,0,7,37543,1.671,611
WP,2006.14,0,0,0,1,0,0,0,0,0,0,0,0,7,35645,1.663,667
WP,2006.15,0,0,0,1,0,0,0,0,0,0,0,0,7,35645,1.663,739
WP,2006.16,0,0,0,1,0,0,0,0,0,0,0,0,7,35645,1.663,668
WP,2006.17,0,0,0,1,0,0,0,0,0,0,0,0,7,35645,1.663,677
WP,2006.18,0,0,0,0,1,0,0,0,0,0,0,0,7,37946,1.663,706
WP,2006.19,0,0,0,0,1,0,0,0,0,0,0,0,7,37946,1.663,672
WP,2006.2,0,0,0,0,1,0,0,0,0,0,0,0,7,37946,1.663,700
WP,2006.21,0,0,0,0,1,0,0,0,0,0,0,0,7,37946,1.663,750
WP,2006.22,0,0,0,0,1,0,0,0,0,0,0,0,7,37946,1.663,671
WP,2006.23,0,0,0,0,0,1,0,0,0,0,0,0,7,40179,1.598,689
WP,2006.24,0,0,0,0,0,1,0,0,0,0,0,0,7,40179,1.598,738
WP,2006.25,1,0,0,0,0,1,0,0,0,0,0,0,7,40179,1.598,823
WP,2006.26,1,0,0,0,0,1,0,0,0,0,0,0,7,40179,1.598,749
WP,2006.27,1,0,0,0,0,0,1,0,0,0,0,0,7,42513,1.603,681
WP,2006.28,1,0,0,0,0,0,1,0,0,0,0,0,7,42513,1.603,717
WP,2006.29,1,0,0,0,0,0,1,0,0,0,0,0,7,42513,1.603,767
WP,2006.3,1,0,0,0,0,0,1,0,0,0,0,0,7,42513,1.603,834
WP,2006.31,1,0,0,0,0,0,1,0,0,0,0,0,7,42513,1.603,735
WP,2006.32,1,0,0,0,0,0,0,1,0,0,0,0,7,41035,1.603,746
WP,2006.33,1,0,0,0,0,0,0,1,0,0,0,0,7,41035,1.603,810
WP,2006.34,1,0,0,0,0,0,0,1,0,0,0,0,7,41035,1.603,731
WP,2006.35,1,0,0,0,0,0,0,1,0,0,0,0,7,41035,1.603,680
WP,2006.36,1,0,0,0,0,0,0,0,1,0,0,0,7,38005,1.543,698
WP,2006.37,1,0,0,0,0,0,0,0,1,0,0,0,7,38005,1.543,677
WP,2006.38,1,0,0,0,0,0,0,0,1,0,0,0,7,38005,1.543,729
WP,2006.39,0,0,0,0,0,0,0,0,1,0,0,0,7,38005,1.543,740
WP,2006.4,0,0,0,0,0,0,0,0,0,1,0,0,7,35581,1.515,749
WP,2006.41,0,0,0,0,0,0,0,0,0,1,0,0,7,35581,1.515,761
WP,2006.42,0,0,0,0,0,0,0,0,0,1,0,0,7,35581,1.515,784
WP,2006.43,0,0,0,0,0,0,0,0,0,1,0,0,7,35581,1.515,789
WP,2006.44,0,0,0,0,0,0,0,0,0,1,0,0,7,35581,1.515,739
WP,2006.45,0,0,0,0,0,0,0,0,0,0,1,0,7,36787,1.514,734
WP,2006.46,0,0,0,0,0,0,0,0,0,0,1,0,7,36787,1.514,719
WP,2006.47,0,0,0,0,0,0,0,0,0,0,1,0,7,36787,1.514,628
WP,2006.48,0,0,0,0,0,0,0,0,0,0,1,0,7,36787,1.514,794
WP,2006.49,0,0,0,0,0,0,0,0,0,0,0,1,7,34511,1.483,643
WP,2006.5,0,0,0,0,0,0,0,0,0,0,0,1,7,34511,1.483,684
WP,2006.51,0,0,0,0,0,0,0,0,0,0,0,1,7,34511,1.483,616
WP,2006.52,0,0,0,0,0,0,0,0,0,0,0,1,7,34511,1.483,627
WP,2007.01,0,0,0,0,0,0,0,0,0,0,0,0,7,40482,1.482,633
WP,2007.02,0,0,0,0,0,0,0,0,0,0,0,0,7,40482,1.482,746
WP,2007.03,0,0,0,0,0,0,0,0,0,0,0,0,7,40482,1.482,645
WP,2007.04,0,0,0,0,0,0,0,0,0,0,0,0,7,40482,1.482,707
WP,2007.05,0,0,0,0,0,0,0,0,0,0,0,0,7,40482,1.482,557
WP,2007.06,0,1,0,0,0,0,0,0,0,0,0,0,7,36592,1.482,573
WP,2007.07,0,1,0,0,0,0,0,0,0,0,0,0,7,36592,1.482,518
WP,2007.08,0,1,0,0,0,0,0,0,0,0,0,0,7,36592,1.482,630
WP,2007.09,0,1,0,0,0,0,0,0,0,0,0,0,7,36592,1.482,702
WP,2007.1,0,0,1,0,0,0,0,0,0,0,0,0,7,34860,1.512,640
WP,2007.11,0,0,1,0,0,0,0,0,0,0,0,0,7,34860,1.512,623
WP,2007.12,0,0,1,0,0,0,0,0,0,0,0,0,7,34860,1.512,737
WP,2007.13,0,0,1,0,0,0,0,0,0,0,0,0,7,34860,1.512,721
WP,2007.14,0,0,0,1,0,0,0,0,0,0,0,0,7,32915,1.505,644
WP,2007.15,0,0,0,1,0,0,0,0,0,0,0,0,7,32915,1.505,684
WP,2007.16,0,0,0,1,0,0,0,0,0,0,0,0,7,32915,1.505,733
WP,2007.17,0,0,0,1,0,0,0,0,0,0,0,0,7,32915,1.505,655
WP,2007.18,0,0,0,1,0,0,0,0,0,0,0,0,7,32915,1.505,725
WP,2007.19,0,0,0,0,1,0,0,0,0,0,0,0,7,36947,1.506,725
WP,2007.2,0,0,0,0,1,0,0,0,0,0,0,0,7,36947,1.506,730
WP,2007.21,0,0,0,0,1,0,0,0,0,0,0,0,7,36947,1.506,779
WP,2007.22,0,0,0,0,1,0,0,0,0,0,0,0,7,36947,1.506,718
WP,2007.23,0,0,0,0,0,1,0,0,0,0,0,0,7,39493,1.512,673
WP,2007.24,0,0,0,0,0,1,0,0,0,0,0,0,7,39493,1.512,721
WP,2007.25,1,0,0,0,0,1,0,0,0,0,0,0,7,39493,1.512,667
WP,2007.26,1,0,0,0,0,1,0,0,0,0,0,0,7,39493,1.512,730
WP,2007.27,1,0,0,0,0,0,1,0,0,0,0,0,7,41661,1.513,650
WP,2007.28,1,0,0,0,0,0,1,0,0,0,0,0,7,41661,1.513,712
WP,2007.29,1,0,0,0,0,0,1,0,0,0,0,0,7,41661,1.513,776
WP,2007.3,1,0,0,0,0,0,1,0,0,0,0,0,7,41661,1.513,738
WP,2007.31,1,0,0,0,0,0,1,0,0,0,0,0,7,41661,1.513,668
WP,2007.32,1,0,0,0,0,0,0,1,0,0,0,0,7,39871,1.513,716
WP,2007.33,1,0,0,0,0,0,0,1,0,0,0,0,7,39871,1.513,722
WP,2007.34,1,0,0,0,0,0,0,1,0,0,0,0,7,39871,1.513,673
WP,2007.35,1,0,0,0,0,0,0,1,0,0,0,0,7,39871,1.513,782
WP,2007.36,1,0,0,0,0,0,0,0,1,0,0,0,7,38460,1.491,747
WP,2007.37,1,0,0,0,0,0,0,0,1,0,0,0,7,38460,1.491,775
WP,2007.38,1,0,0,0,0,0,0,0,1,0,0,0,7,38460,1.491,759
WP,2007.39,0,0,0,0,0,0,0,0,1,0,0,0,7,38460,1.491,691
WP,2007.4,0,0,0,0,0,0,0,0,0,1,0,0,7,37868,1.49,737
WP,2007.41,0,0,0,0,0,0,0,0,0,1,0,0,7,37868,1.49,733
WP,2007.42,0,0,0,0,0,0,0,0,0,1,0,0,7,37868,1.49,701
WP,2007.43,0,0,0,0,0,0,0,0,0,1,0,0,7,37868,1.49,705
WP,2007.44,0,0,0,0,0,0,0,0,0,1,0,0,7,37868,1.49,585
WP,2007.45,0,0,0,0,0,0,0,0,0,0,1,0,7,36908,1.499,620
WP,2007.46,0,0,0,0,0,0,0,0,0,0,1,0,7,36908,1.499,681
WP,2007.47,0,0,0,0,0,0,0,0,0,0,1,0,7,36908,1.499,649
WP,2007.48,0,0,0,0,0,0,0,0,0,0,1,0,7,36908,1.499,697
WP,2007.49,0,0,0,0,0,0,0,0,0,0,0,1,7,37439,1.485,606
WP,2007.5,0,0,0,0,0,0,0,0,0,0,0,1,7,37439,1.485,646
WP,2007.51,0,0,0,0,0,0,0,0,0,0,0,1,7,37439,1.485,633
WP,2007.52,0,0,0,0,0,0,0,0,0,0,0,1,7,37439,1.485,682
WP,2007.53,0,0,0,0,0,0,0,0,0,0,0,1,1,37439,1.485,93
WP,2008,0,0,0,0,0,0,0,0,0,0,0,0,6,42908,1.481,511
WP,2008.01,0,0,0,0,0,0,0,0,0,0,0,0,7,42908,1.481,711
WP,2008.02,0,0,0,0,0,0,0,0,0,0,0,0,7,42908,1.481,697
WP,2008.03,0,0,0,0,0,0,0,0,0,0,0,0,7,42908,1.481,665
WP,2008.04,0,0,0,0,0,0,0,0,0,0,0,0,7,42908,1.481,622
WP,2008.05,0,1,0,0,0,0,0,0,0,0,0,0,7,40772,1.483,753
WP,2008.06,0,1,0,0,0,0,0,0,0,0,0,0,7,40772,1.483,596
WP,2008.07,0,1,0,0,0,0,0,0,0,0,0,0,7,40772,1.483,646
WP,2008.08,0,1,0,0,0,0,0,0,0,0,0,0,7,40772,1.483,678
WP,2008.09,0,0,1,0,0,0,0,0,0,0,0,0,7,40379,1.534,724
WP,2008.1,0,0,1,0,0,0,0,0,0,0,0,0,7,40379,1.534,737
WP,2008.11,0,0,1,0,0,0,0,0,0,0,0,0,7,40379,1.534,714
WP,2008.12,0,0,1,0,0,0,0,0,0,0,0,0,7,40379,1.534,750
WP,2008.13,0,0,1,0,0,0,0,0,0,0,0,0,7,40379,1.534,714
WP,2008.14,0,0,0,1,0,0,0,0,0,0,0,0,7,36775,1.528,815
WP,2008.15,0,0,0,1,0,0,0,0,0,0,0,0,7,36775,1.528,678
WP,2008.16,0,0,0,1,0,0,0,0,0,0,0,0,7,36775,1.528,784
WP,2008.17,0,0,0,1,0,0,0,0,0,0,0,0,7,36775,1.528,670
WP,2008.18,0,0,0,0,1,0,0,0,0,0,0,0,7,42376,1.528,743
WP,2008.19,0,0,0,0,1,0,0,0,0,0,0,0,7,42376,1.528,777
WP,2008.2,0,0,0,0,1,0,0,0,0,0,0,0,7,42376,1.528,784
WP,2008.21,0,0,0,0,1,0,0,0,0,0,0,0,7,42376,1.528,795
WP,2008.22,0,0,0,0,0,1,0,0,0,0,0,0,7,44833,1.712,738
WP,2008.23,0,0,0,0,0,1,0,0,0,0,0,0,7,44833,1.712,829
WP,2008.24,1,0,0,0,0,1,0,0,0,0,0,0,7,44833,1.712,855
WP,2008.25,1,0,0,0,0,1,0,0,0,0,0,0,7,44833,1.712,842
WP,2008.26,1,0,0,0,0,1,0,0,0,0,0,0,7,44833,1.712,785
WP,2008.27,1,0,0,0,0,0,1,0,0,0,0,0,7,47496,1.712,859
WP,2008.28,1,0,0,0,0,0,1,0,0,0,0,0,7,47496,1.712,802
WP,2008.29,1,0,0,0,0,0,1,0,0,0,0,0,7,47496,1.712,796
WP,2008.3,1,0,0,0,0,0,1,0,0,0,0,0,7,47496,1.712,761
WP,2008.31,1,0,0,0,0,0,0,1,0,0,0,0,7,48560,1.712,803
WP,2008.32,1,0,0,0,0,0,0,1,0,0,0,0,7,48560,1.712,862
WP,2008.33,1,0,0,0,0,0,0,1,0,0,0,0,7,48560,1.712,854
WP,2008.34,1,0,0,0,0,0,0,1,0,0,0,0,7,48560,1.712,759
WP,2008.35,1,0,0,0,0,0,0,0,1,0,0,0,7,45534,1.663,711
WP,2008.36,1,0,0,0,0,0,0,0,1,0,0,0,7,45534,1.663,716
WP,2008.37,1,0,0,0,0,0,0,0,1,0,0,0,7,45534,1.663,761
WP,2008.38,1,0,0,0,0,0,0,0,1,0,0,0,7,45534,1.663,770
WP,2008.39,0,0,0,0,0,0,0,0,1,0,0,0,7,45534,1.663,704
WP,2008.4,0,0,0,0,0,0,0,0,0,1,0,0,7,47123,1.683,719
WP,2008.41,0,0,0,0,0,0,0,0,0,1,0,0,7,47123,1.683,748
WP,2008.42,0,0,0,0,0,0,0,0,0,1,0,0,7,47123,1.683,622
WP,2008.43,0,0,0,0,0,0,0,0,0,1,0,0,7,47123,1.683,608
WP,2008.44,0,0,0,0,0,0,0,0,0,0,1,0,7,47956,1.698,646
WP,2008.45,0,0,0,0,0,0,0,0,0,0,1,0,7,47956,1.698,638
WP,2008.46,0,0,0,0,0,0,0,0,0,0,1,0,7,47956,1.698,626
WP,2008.47,0,0,0,0,0,0,0,0,0,0,1,0,7,47956,1.698,611
WP,2008.48,0,0,0,0,0,0,0,0,0,0,0,1,7,50439,1.606,655
WP,2008.49,0,0,0,0,0,0,0,0,0,0,0,1,7,50439,1.606,650
WP,2008.5,0,0,0,0,0,0,0,0,0,0,0,1,7,50439,1.606,653
WP,2008.51,0,0,0,0,0,0,0,0,0,0,0,1,7,50439,1.606,590
WP,2008.52,0,0,0,0,0,0,0,0,0,0,0,1,3,50439,1.606,313
WP,2009,0,0,0,0,0,0,0,0,0,0,0,0,4,59947,1.606,373
WP,2009.01,0,0,0,0,0,0,0,0,0,0,0,0,7,59947,1.606,601
WP,2009.02,0,0,0,0,0,0,0,0,0,0,0,0,7,59947,1.606,656
WP,2009.03,0,0,0,0,0,0,0,0,0,0,0,0,7,59947,1.606,667
WP,2009.04,0,0,0,0,0,0,0,0,0,0,0,0,7,59947,1.606,542
WP,2009.05,0,1,0,0,0,0,0,0,0,0,0,0,7,61315,1.606,623
WP,2009.06,0,1,0,0,0,0,0,0,0,0,0,0,7,61315,1.606,680
WP,2009.07,0,1,0,0,0,0,0,0,0,0,0,0,7,61315,1.606,655
WP,2009.08,0,1,0,0,0,0,0,0,0,0,0,0,7,61315,1.606,671
WP,2009.09,0,0,1,0,0,0,0,0,0,0,0,0,7,60996,1.487,535
WP,2009.1,0,0,1,0,0,0,0,0,0,0,0,0,7,60996,1.487,722
WP,2009.11,0,0,1,0,0,0,0,0,0,0,0,0,7,60996,1.487,673
WP,2009.12,0,0,1,0,0,0,0,0,0,0,0,0,7,60996,1.487,635
WP,2009.13,0,0,1,0,0,0,0,0,0,0,0,0,7,60996,1.487,733
WP,2009.14,0,0,0,1,0,0,0,0,0,0,0,0,7,56296,1.48,714
WP,2009.15,0,0,0,1,0,0,0,0,0,0,0,0,7,56296,1.48,756
WP,2009.16,0,0,0,1,0,0,0,0,0,0,0,0,7,56296,1.48,708
WP,2009.17,0,0,0,1,0,0,0,0,0,0,0,0,7,56296,1.48,607
WP,2009.18,0,0,0,0,1,0,0,0,0,0,0,0,7,62571,1.483,747
WP,2009.19,0,0,0,0,1,0,0,0,0,0,0,0,7,62571,1.483,701
WP,2009.2,0,0,0,0,1,0,0,0,0,0,0,0,7,62571,1.483,747
WP,2009.21,0,0,0,0,1,0,0,0,0,0,0,0,7,62571,1.483,684
WP,2009.22,0,0,0,0,0,1,0,0,0,0,0,0,7,65829,1.398,711
WP,2009.23,0,0,0,0,0,1,0,0,0,0,0,0,7,65829,1.398,788
WP,2009.24,1,0,0,0,0,1,0,0,0,0,0,0,7,65829,1.398,729
WP,2009.25,1,0,0,0,0,1,0,0,0,0,0,0,7,65829,1.398,731
WP,2009.26,1,0,0,0,0,1,0,0,0,0,0,0,7,65829,1.398,665
WP,2009.27,1,0,0,0,0,0,1,0,0,0,0,0,7,68442,1.398,740
WP,2009.28,1,0,0,0,0,0,1,0,0,0,0,0,7,68442,1.398,719
WP,2009.29,1,0,0,0,0,0,1,0,0,0,0,0,7,68442,1.398,780
WP,2009.3,1,0,0,0,0,0,1,0,0,0,0,0,7,68442,1.398,768
WP,2009.31,1,0,0,0,0,0,0,1,0,0,0,0,7,67983,1.398,773
WP,2009.32,1,0,0,0,0,0,0,1,0,0,0,0,7,67983,1.398,818
WP,2009.33,1,0,0,0,0,0,0,1,0,0,0,0,7,67983,1.398,728
WP,2009.34,1,0,0,0,0,0,0,1,0,0,0,0,7,67983,1.398,732
WP,2009.35,1,0,0,0,0,0,0,1,0,0,0,0,7,67983,1.398,742
WP,2009.36,1,0,0,0,0,0,0,0,1,0,0,0,7,65854,1.378,694
WP,2009.37,1,0,0,0,0,0,0,0,1,0,0,0,7,65854,1.378,644
WP,2009.38,1,0,0,0,0,0,0,0,1,0,0,0,7,65854,1.378,614
WP,2009.39,0,0,0,0,0,0,0,0,1,0,0,0,7,65854,1.378,660
WP,2009.4,0,0,0,0,0,0,0,0,0,1,0,0,7,65774,1.321,717
WP,2009.41,0,0,0,0,0,0,0,0,0,1,0,0,7,65774,1.321,512
WP,2009.42,0,0,0,0,0,0,0,0,0,1,0,0,7,65774,1.321,665
WP,2009.43,0,0,0,0,0,0,0,0,0,1,0,0,7,65774,1.321,661
WP,2009.44,0,0,0,0,0,0,0,0,0,0,1,0,7,64266,1.325,637
WP,2009.45,0,0,0,0,0,0,0,0,0,0,1,0,7,64266,1.325,703
WP,2009.46,0,0,0,0,0,0,0,0,0,0,1,0,7,64266,1.325,695
WP,2009.47,0,0,0,0,0,0,0,0,0,0,1,0,7,64266,1.325,564
WP,2009.48,0,0,0,0,0,0,0,0,0,0,1,0,7,64266,1.325,589
WP,2009.49,0,0,0,0,0,0,0,0,0,0,0,1,7,63756,1.349,560
WP,2009.5,0,0,0,0,0,0,0,0,0,0,0,1,7,63756,1.349,498
WP,2009.51,0,0,0,0,0,0,0,0,0,0,0,1,7,63756,1.349,429
WP,2009.52,0,0,0,0,0,0,0,0,0,0,0,1,4,63756,1.349,359
WP,2010,0,0,0,0,0,0,0,0,0,0,0,0,3,74593,1.353,238
WP,2010.01,0,0,0,0,0,0,0,0,0,0,0,0,7,74593,1.353,538
WP,2010.02,0,0,0,0,0,0,0,0,0,0,0,0,7,74593,1.353,587
WP,2010.03,0,0,0,0,0,0,0,0,0,0,0,0,7,74593,1.353,582
WP,2010.04,0,0,0,0,0,0,0,0,0,0,0,0,7,74593,1.353,645
WP,2010.05,0,1,0,0,0,0,0,0,0,0,0,0,7,73592,1.352,558
WP,2010.06,0,1,0,0,0,0,0,0,0,0,0,0,7,73592,1.352,385
WP,2010.07,0,1,0,0,0,0,0,0,0,0,0,0,7,73592,1.352,584
WP,2010.08,0,1,0,0,0,0,0,0,0,0,0,0,7,73592,1.352,578
WP,2010.09,0,0,1,0,0,0,0,0,0,0,0,0,7,72694,1.383,619
WP,2010.1,0,0,1,0,0,0,0,0,0,0,0,0,7,72694,1.383,649
WP,2010.11,0,0,1,0,0,0,0,0,0,0,0,0,7,72694,1.383,686
WP,2010.12,0,0,1,0,0,0,0,0,0,0,0,0,7,72694,1.383,586
WP,2010.13,0,0,1,0,0,0,0,0,0,0,0,0,7,72694,1.383,763
WP,2010.14,0,0,0,1,0,0,0,0,0,0,0,0,7,69944,1.375,668
WP,2010.15,0,0,0,1,0,0,0,0,0,0,0,0,7,69944,1.375,673
WP,2010.16,0,0,0,1,0,0,0,0,0,0,0,0,7,69944,1.375,730
WP,2010.17,0,0,0,1,0,0,0,0,0,0,0,0,7,69944,1.375,686
WP,2010.18,0,0,0,0,1,0,0,0,0,0,0,0,7,73123,1.375,779
WP,2010.19,0,0,0,0,1,0,0,0,0,0,0,0,7,73123,1.375,727
WP,2010.2,0,0,0,0,1,0,0,0,0,0,0,0,7,73123,1.375,761
WP,2010.21,0,0,0,0,1,0,0,0,0,0,0,0,7,73123,1.375,756
WP,2010.22,0,0,0,0,1,0,0,0,0,0,0,0,7,73123,1.375,771
WP,2010.23,0,0,0,0,0,1,0,0,0,0,0,0,7,74479,1.292,695
WP,2010.24,0,0,0,0,0,1,0,0,0,0,0,0,7,74479,1.292,670
WP,2010.25,1,0,0,0,0,1,0,0,0,0,0,0,7,74479,1.292,747
WP,2010.26,1,0,0,0,0,1,0,0,0,0,0,0,7,74479,1.292,687
WP,2010.27,1,0,0,0,0,0,1,0,0,0,0,0,7,77862,1.287,750
WP,2010.28,1,0,0,0,0,0,1,0,0,0,0,0,7,77862,1.287,775
WP,2010.29,1,0,0,0,0,0,1,0,0,0,0,0,7,77862,1.287,803
WP,2010.3,1,0,0,0,0,0,1,0,0,0,0,0,7,77862,1.287,833
WP,2010.31,1,0,0,0,0,0,0,1,0,0,0,0,7,76094,1.287,785
WP,2010.32,1,0,0,0,0,0,0,1,0,0,0,0,7,76094,1.287,740
WP,2010.33,1,0,0,0,0,0,0,1,0,0,0,0,7,76094,1.287,752
WP,2010.34,1,0,0,0,0,0,0,1,0,0,0,0,7,76094,1.287,800
WP,2010.35,1,0,0,0,0,0,0,1,0,0,0,0,7,76094,1.287,704
WP,2010.36,1,0,0,0,0,0,0,0,1,0,0,0,7,70586,1.303,724
WP,2010.37,1,0,0,0,0,0,0,0,1,0,0,0,7,70586,1.303,623
WP,2010.38,1,0,0,0,0,0,0,0,1,0,0,0,7,70586,1.303,632
WP,2010.39,0,0,0,0,0,0,0,0,1,0,0,0,7,70586,1.303,582
WP,2010.4,0,0,0,0,0,0,0,0,0,1,0,0,7,69967,1.293,676
WP,2010.41,0,0,0,0,0,0,0,0,0,1,0,0,7,69967,1.293,638
WP,2010.42,0,0,0,0,0,0,0,0,0,1,0,0,7,69967,1.293,724
WP,2010.43,0,0,0,0,0,0,0,0,0,1,0,0,7,69967,1.293,726
WP,2010.44,0,0,0,0,0,0,0,0,0,0,1,0,7,71748,1.3,603
WP,2010.45,0,0,0,0,0,0,0,0,0,0,1,0,7,71748,1.3,713
WP,2010.46,0,0,0,0,0,0,0,0,0,0,1,0,7,71748,1.3,747
WP,2010.47,0,0,0,0,0,0,0,0,0,0,1,0,7,71748,1.3,571
WP,2010.48,0,0,0,0,0,0,0,0,0,0,1,0,7,71748,1.3,602
WP,2010.49,0,0,0,0,0,0,0,0,0,0,0,1,7,68147,1.257,532
WP,2010.5,0,0,0,0,0,0,0,0,0,0,0,1,7,68147,1.257,477
WP,2010.51,0,0,0,0,0,0,0,0,0,0,0,1,7,68147,1.257,461
WP,2010.52,0,0,0,0,0,0,0,0,0,0,0,1,5,68147,1.257,290
WP,2011,0,0,0,0,0,0,0,0,0,0,0,0,2,75237,1.273,123
WP,2011.01,0,0,0,0,0,0,0,0,0,0,0,0,7,75237,1.273,527
WP,2011.02,0,0,0,0,0,0,0,0,0,0,0,0,7,75237,1.273,500
WP,2011.03,0,0,0,0,0,0,0,0,0,0,0,0,7,75237,1.273,505
WP,2011.04,0,0,0,0,0,0,0,0,0,0,0,0,7,75237,1.273,413
WP,2011.05,0,0,0,0,0,0,0,0,0,0,0,0,7,75237,1.273,582
WP,2011.06,0,1,0,0,0,0,0,0,0,0,0,0,7,71812,1.274,538
WP,2011.07,0,1,0,0,0,0,0,0,0,0,0,0,7,71812,1.274,582
WP,2011.08,0,1,0,0,0,0,0,0,0,0,0,0,7,71812,1.274,629
WP,2011.09,0,1,0,0,0,0,0,0,0,0,0,0,7,71812,1.274,631
WP,2011.1,0,0,1,0,0,0,0,0,0,0,0,0,7,69611,1.315,629
WP,2011.11,0,0,1,0,0,0,0,0,0,0,0,0,7,69611,1.315,656
WP,2011.12,0,0,1,0,0,0,0,0,0,0,0,0,7,69611,1.315,655
WP,2011.13,0,0,1,0,0,0,0,0,0,0,0,0,7,69611,1.315,599
WP,2011.14,0,0,0,1,0,0,0,0,0,0,0,0,7,65605,1.308,744
WP,2011.15,0,0,0,1,0,0,0,0,0,0,0,0,7,65605,1.308,702
WP,2011.16,0,0,0,1,0,0,0,0,0,0,0,0,7,65605,1.308,766
WP,2011.17,0,0,0,1,0,0,0,0,0,0,0,0,7,65605,1.308,680
WP,2011.18,0,0,0,0,1,0,0,0,0,0,0,0,7,71923,1.309,653
WP,2011.19,0,0,0,0,1,0,0,0,0,0,0,0,7,71923,1.309,626
WP,2011.2,0,0,0,0,1,0,0,0,0,0,0,0,7,71923,1.309,654
WP,2011.21,0,0,0,0,1,0,0,0,0,0,0,0,7,71923,1.309,686
WP,2011.22,0,0,0,0,1,0,0,0,0,0,0,0,7,71923,1.309,653
WP,2011.23,0,0,0,0,0,1,0,0,0,0,0,0,7,77076,1.257,660
WP,2011.24,0,0,0,0,0,1,0,0,0,0,0,0,7,77076,1.257,708
WP,2011.25,1,0,0,0,0,1,0,0,0,0,0,0,7,77076,1.257,845
WP,2011.26,1,0,0,0,0,1,0,0,0,0,0,0,7,77076,1.257,773
WP,2011.27,1,0,0,0,0,0,1,0,0,0,0,0,7,81478,1.257,677
WP,2011.28,1,0,0,0,0,0,1,0,0,0,0,0,7,81478,1.257,701
WP,2011.29,1,0,0,0,0,0,1,0,0,0,0,0,7,81478,1.257,736
WP,2011.3,1,0,0,0,0,0,1,0,0,0,0,0,7,81478,1.257,676
WP,2011.31,1,0,0,0,0,0,0,1,0,0,0,0,7,79715,1.256,709
WP,2011.32,1,0,0,0,0,0,0,1,0,0,0,0,7,79715,1.256,783
WP,2011.33,1,0,0,0,0,0,0,1,0,0,0,0,7,79715,1.256,744
WP,2011.34,1,0,0,0,0,0,0,1,0,0,0,0,7,79715,1.256,631
WP,2011.35,1,0,0,0,0,0,0,1,0,0,0,0,7,79715,1.256,689
WP,2011.36,1,0,0,0,0,0,0,0,1,0,0,0,7,76153,1.22,643
WP,2011.37,1,0,0,0,0,0,0,0,1,0,0,0,7,76153,1.22,609
WP,2011.38,1,0,0,0,0,0,0,0,1,0,0,0,7,76153,1.22,633
WP,2011.39,0,0,0,0,0,0,0,0,1,0,0,0,7,76153,1.22,660
WP,2011.4,0,0,0,0,0,0,0,0,0,1,0,0,7,74783,1.209,610
WP,2011.41,0,0,0,0,0,0,0,0,0,1,0,0,7,74783,1.209,625
WP,2011.42,0,0,0,0,0,0,0,0,0,1,0,0,7,74783,1.209,634
WP,2011.43,0,0,0,0,0,0,0,0,0,1,0,0,7,74783,1.209,553
WP,2011.44,0,0,0,0,0,0,0,0,0,1,0,0,7,74783,1.209,604
WP,2011.45,0,0,0,0,0,0,0,0,0,0,1,0,7,71315,1.214,659
WP,2011.46,0,0,0,0,0,0,0,0,0,0,1,0,7,71315,1.214,650
WP,2011.47,0,0,0,0,0,0,0,0,0,0,1,0,7,71315,1.214,573
WP,2011.48,0,0,0,0,0,0,0,0,0,0,1,0,7,71315,1.214,588
WP,2011.49,0,0,0,0,0,0,0,0,0,0,0,1,7,69907,1.243,623
WP,2011.5,0,0,0,0,0,0,0,0,0,0,0,1,7,69907,1.243,564
WP,2011.51,0,0,0,0,0,0,0,0,0,0,0,1,7,69907,1.243,528
WP,2011.52,0,0,0,0,0,0,0,0,0,0,0,1,6,69907,1.243,489
WP,2012,0,0,0,0,0,0,0,0,0,0,0,0,1,76690,1.238,84
WP,2012.01,0,0,0,0,0,0,0,0,0,0,0,0,7,76690,1.238,582
WP,2012.02,0,0,0,0,0,0,0,0,0,0,0,0,7,76690,1.238,540
WP,2012.03,0,0,0,0,0,0,0,0,0,0,0,0,7,76690,1.238,566
WP,2012.04,0,0,0,0,0,0,0,0,0,0,0,0,7,76690,1.238,602
WP,2012.05,0,0,0,0,0,0,0,0,0,0,0,0,7,76690,1.238,634
WP,2012.06,0,1,0,0,0,0,0,0,0,0,0,0,7,75242,1.223,583
WP,2012.07,0,1,0,0,0,0,0,0,0,0,0,0,7,75242,1.223,628
WP,2012.08,0,1,0,0,0,0,0,0,0,0,0,0,7,75242,1.223,559
WP,2012.09,0,1,0,0,0,0,0,0,0,0,0,0,7,75242,1.223,564
WP,2012.1,0,0,1,0,0,0,0,0,0,0,0,0,7,73466,1.198,569
WP,2012.11,0,0,1,0,0,0,0,0,0,0,0,0,7,73466,1.198,598
WP,2012.12,0,0,1,0,0,0,0,0,0,0,0,0,7,73466,1.198,640
WP,2012.13,0,0,1,0,0,0,0,0,0,0,0,0,7,73466,1.198,583
WP,2012.14,0,0,0,1,0,0,0,0,0,0,0,0,7,67273,1.192,720
WP,2012.15,0,0,0,1,0,0,0,0,0,0,0,0,7,67273,1.192,651
WP,2012.16,0,0,0,1,0,0,0,0,0,0,0,0,7,67273,1.192,697
WP,2012.17,0,0,0,1,0,0,0,0,0,0,0,0,7,67273,1.192,579
WP,2012.18,0,0,0,1,0,0,0,0,0,0,0,0,7,67273,1.192,611
WP,2012.19,0,0,0,0,1,0,0,0,0,0,0,0,7,75176,1.194,694
WP,2012.2,0,0,0,0,1,0,0,0,0,0,0,0,7,75176,1.194,700
WP,2012.21,0,0,0,0,1,0,0,0,0,0,0,0,7,75176,1.194,739
WP,2012.22,0,0,0,0,1,0,0,0,0,0,0,0,7,75176,1.194,645
WP,2012.23,0,0,0,0,0,1,0,0,0,0,0,0,7,80233,1.17,690
WP,2012.24,0,0,0,0,0,1,0,0,0,0,0,0,7,80233,1.17,692
WP,2012.25,1,0,0,0,0,1,0,0,0,0,0,0,7,80233,1.17,750
WP,2012.26,1,0,0,0,0,1,0,0,0,0,0,0,7,80233,1.17,749
WP,2012.27,1,0,0,0,0,0,1,0,0,0,0,0,7,84929,1.169,721
WP,2012.28,1,0,0,0,0,0,1,0,0,0,0,0,7,84929,1.169,657
WP,2012.29,1,0,0,0,0,0,1,0,0,0,0,0,7,84929,1.169,722
WP,2012.3,1,0,0,0,0,0,1,0,0,0,0,0,7,84929,1.169,641
WP,2012.31,1,0,0,0,0,0,1,0,0,0,0,0,7,84929,1.169,732
WP,2012.32,1,0,0,0,0,0,0,1,0,0,0,0,7,82763,1.169,635
WP,2012.33,1,0,0,0,0,0,0,1,0,0,0,0,7,82763,1.169,705
WP,2012.34,1,0,0,0,0,0,0,1,0,0,0,0,7,82763,1.169,656
WP,2012.35,1,0,0,0,0,0,0,1,0,0,0,0,7,82763,1.169,730
WP,2012.36,1,0,0,0,0,0,0,0,1,0,0,0,7,76146,1.179,689
WP,2012.37,1,0,0,0,0,0,0,0,1,0,0,0,7,76146,1.179,668
WP,2012.38,1,0,0,0,0,0,0,0,1,0,0,0,7,76146,1.179,720
WP,2012.39,0,0,0,0,0,0,0,0,1,0,0,0,7,76146,1.179,695
WP,2012.4,0,0,0,0,0,0,0,0,0,1,0,0,7,76990,1.173,721
WP,2012.41,0,0,0,0,0,0,0,0,0,1,0,0,7,76990,1.173,708
WP,2012.42,0,0,0,0,0,0,0,0,0,1,0,0,7,76990,1.173,718
WP,2012.43,0,0,0,0,0,0,0,0,0,1,0,0,7,76990,1.173,733
WP,2012.44,0,0,0,0,0,0,0,0,0,1,0,0,7,76990,1.173,544
WP,2012.45,0,0,0,0,0,0,0,0,0,0,1,0,7,72008,1.176,553
WP,2012.46,0,0,0,0,0,0,0,0,0,0,1,0,7,72008,1.176,584
WP,2012.47,0,0,0,0,0,0,0,0,0,0,1,0,7,72008,1.176,553
WP,2012.48,0,0,0,0,0,0,0,0,0,0,1,0,7,72008,1.176,540
WP,2012.49,0,0,0,0,0,0,0,0,0,0,0,1,7,73780,1.194,628
WP,2012.5,0,0,0,0,0,0,0,0,0,0,0,1,7,73780,1.194,603
WP,2012.51,0,0,0,0,0,0,0,0,0,0,0,1,7,73780,1.194,560
WP,2012.52,0,0,0,0,0,0,0,0,0,0,0,1,7,73780,1.194,423
WP,2012.53,0,0,0,0,0,0,0,0,0,0,0,1,1,73780,1.194,52
WP,2013,0,0,0,0,0,0,0,0,0,0,0,0,6,83308,1.187,448
WP,2013.01,0,0,0,0,0,0,0,0,0,0,0,0,7,83308,1.187,575
WP,2013.02,0,0,0,0,0,0,0,0,0,0,0,0,7,83308,1.187,571
WP,2013.03,0,0,0,0,0,0,0,0,0,0,0,0,7,83308,1.187,485
WP,2013.04,0,0,0,0,0,0,0,0,0,0,0,0,7,83308,1.187,586
WP,2013.05,0,1,0,0,0,0,0,0,0,0,0,0,7,77129,1.188,529
WP,2013.06,0,1,0,0,0,0,0,0,0,0,0,0,7,77129,1.188,588
WP,2013.07,0,1,0,0,0,0,0,0,0,0,0,0,7,77129,1.188,611
WP,2013.08,0,1,0,0,0,0,0,0,0,0,0,0,7,77129,1.188,648
WP,2013.09,0,0,1,0,0,0,0,0,0,0,0,0,7,73266,1.224,601
WP,2013.1,0,0,1,0,0,0,0,0,0,0,0,0,7,73266,1.224,651
WP,2013.11,0,0,1,0,0,0,0,0,0,0,0,0,7,73266,1.224,645
WP,2013.12,0,0,1,0,0,0,0,0,0,0,0,0,7,73266,1.224,731
WP,2013.13,0,0,0,1,0,0,0,0,0,0,0,0,7,67452,1.214,664
WP,2013.14,0,0,0,1,0,0,0,0,0,0,0,0,7,67452,1.214,679
WP,2013.15,0,0,0,1,0,0,0,0,0,0,0,0,7,67452,1.214,631
WP,2013.16,0,0,0,1,0,0,0,0,0,0,0,0,7,67452,1.214,682
WP,2013.17,0,0,0,1,0,0,0,0,0,0,0,0,7,67452,1.214,765
WP,2013.18,0,0,0,0,1,0,0,0,0,0,0,0,7,72640,1.216,770
WP,2013.19,0,0,0,0,1,0,0,0,0,0,0,0,7,72640,1.216,764
WP,2013.2,0,0,0,0,1,0,0,0,0,0,0,0,7,72640,1.216,730
WP,2013.21,0,0,0,0,1,0,0,0,0,0,0,0,7,72640,1.216,781
WP,2013.22,0,0,0,0,0,1,0,0,0,0,0,0,7,75706,1.215,717
WP,2013.23,0,0,0,0,0,1,0,0,0,0,0,0,7,75706,1.215,765
WP,2013.24,1,0,0,0,0,1,0,0,0,0,0,0,7,75706,1.215,777
WP,2013.25,1,0,0,0,0,1,0,0,0,0,0,0,7,75706,1.215,750
WP,2013.26,1,0,0,0,0,0,1,0,0,0,0,0,7,77628,1.219,742
WP,2013.27,1,0,0,0,0,0,1,0,0,0,0,0,7,77628,1.219,718
WP,2013.28,1,0,0,0,0,0,1,0,0,0,0,0,7,77628,1.219,719
WP,2013.29,1,0,0,0,0,0,1,0,0,0,0,0,7,77628,1.219,701
WP,2013.3,1,0,0,0,0,0,1,0,0,0,0,0,7,77628,1.219,709
WP,2013.31,1,0,0,0,0,0,0,1,0,0,0,0,7,75479,1.216,664
WP,2013.32,1,0,0,0,0,0,0,1,0,0,0,0,7,75479,1.216,693
WP,2013.33,1,0,0,0,0,0,0,1,0,0,0,0,7,75479,1.216,735
WP,2013.34,1,0,0,0,0,0,0,1,0,0,0,0,7,75479,1.216,776
WP,2013.35,1,0,0,0,0,0,0,0,1,0,0,0,7,70111,1.186,764
WP,2013.36,1,0,0,0,0,0,0,0,1,0,0,0,7,70111,1.186,727
WP,2013.37,1,0,0,0,0,0,0,0,1,0,0,0,7,70111,1.186,740
WP,2013.38,0,0,0,0,0,0,0,0,1,0,0,0,7,70111,1.186,773
WP,2013.39,0,0,0,0,0,0,0,0,1,0,0,0,7,70111,1.186,802
WP,2013.4,0,0,0,0,0,0,0,0,0,1,0,0,7,69831,1.176,674
WP,2013.41,0,0,0,0,0,0,0,0,0,1,0,0,7,69831,1.176,676
WP,2013.42,0,0,0,0,0,0,0,0,0,1,0,0,7,69831,1.176,689
WP,2013.43,0,0,0,0,0,0,0,0,0,1,0,0,7,69831,1.176,768
WP,2013.44,0,0,0,0,0,0,0,0,0,0,1,0,7,63408,1.147,643
WP,2013.45,0,0,0,0,0,0,0,0,0,0,1,0,7,63408,1.147,696
WP,2013.46,0,0,0,0,0,0,0,0,0,0,1,0,7,63408,1.147,685
WP,2013.47,0,0,0,0,0,0,0,0,0,0,1,0,7,63408,1.147,545
WP,2013.48,0,0,0,0,0,0,0,0,0,0,0,1,7,58411,1.127,644
WP,2013.49,0,0,0,0,0,0,0,0,0,0,0,1,7,58411,1.127,467
WP,2013.5,0,0,0,0,0,0,0,0,0,0,0,1,7,58411,1.127,603
WP,2013.51,0,0,0,0,0,0,0,0,0,0,0,1,7,58411,1.127,526
WP,2013.52,0,0,0,0,0,0,0,0,0,0,0,1,2,58411,1.127,180
WP,2014,0,0,0,0,0,0,0,0,0,0,0,0,5,63662,1.163,324
WP,2014.01,0,0,0,0,0,0,0,0,0,0,0,0,7,63662,1.163,569
WP,2014.02,0,0,0,0,0,0,0,0,0,0,0,0,7,63662,1.163,762
WP,2014.03,0,0,0,0,0,0,0,0,0,0,0,0,7,63662,1.163,440
WP,2014.04,0,0,0,0,0,0,0,0,0,0,0,0,7,63662,1.163,630
WP,2014.05,0,1,0,0,0,0,0,0,0,0,0,0,7,62403,1.129,580
WP,2014.06,0,1,0,0,0,0,0,0,0,0,0,0,7,62403,1.129,458
WP,2014.07,0,1,0,0,0,0,0,0,0,0,0,0,7,62403,1.129,680
WP,2014.08,0,1,0,0,0,0,0,0,0,0,0,0,7,62403,1.129,528
WP,2014.09,0,0,1,0,0,0,0,0,0,0,0,0,7,61131,1.219,581
WP,2014.1,0,0,1,0,0,0,0,0,0,0,0,0,7,61131,1.219,720
WP,2014.11,0,0,1,0,0,0,0,0,0,0,0,0,7,61131,1.219,712
WP,2014.12,0,0,1,0,0,0,0,0,0,0,0,0,7,61131,1.219,625
WP,2014.13,0,0,1,0,0,0,0,0,0,0,0,0,7,61131,1.219,729
WP,2014.14,0,0,0,1,0,0,0,0,0,0,0,0,7,52018,1.233,805
WP,2014.15,0,0,0,1,0,0,0,0,0,0,0,0,7,52018,1.233,727
WP,2014.16,0,0,0,1,0,0,0,0,0,0,0,0,7,52018,1.233,827
WP,2014.17,0,0,0,1,0,0,0,0,0,0,0,0,7,52018,1.233,803
WP,2014.18,0,0,0,0,1,0,0,0,0,0,0,0,7,58777,1.23,832
WP,2014.19,0,0,0,0,1,0,0,0,0,0,0,0,7,58777,1.23,797
WP,2014.2,0,0,0,0,1,0,0,0,0,0,0,0,7,58777,1.23,784
WP,2014.21,0,0,0,0,1,0,0,0,0,0,0,0,7,58777,1.23,769
WP,2014.22,0,0,0,0,0,1,0,0,0,0,0,0,7,58013,1.233,896
WP,2014.23,0,0,0,0,0,1,0,0,0,0,0,0,7,58013,1.233,827
WP,2014.24,1,0,0,0,0,1,0,0,0,0,0,0,7,58013,1.233,773
WP,2014.25,1,0,0,0,0,1,0,0,0,0,0,0,7,58013,1.233,821
WP,2014.26,1,0,0,0,0,1,0,0,0,0,0,0,7,58013,1.233,803
WP,2014.27,1,0,0,0,0,0,1,0,0,0,0,0,7,62450,1.236,829
WP,2014.28,1,0,0,0,0,0,1,0,0,0,0,0,7,62450,1.236,878
WP,2014.29,1,0,0,0,0,0,1,0,0,0,0,0,7,62450,1.236,865
WP,2014.3,1,0,0,0,0,0,1,0,0,0,0,0,7,62450,1.236,880
WP,2014.31,1,0,0,0,0,0,0,1,0,0,0,0,7,58529,1.237,763
WP,2014.32,1,0,0,0,0,0,0,1,0,0,0,0,7,58529,1.237,812
WP,2014.33,1,0,0,0,0,0,0,1,0,0,0,0,7,58529,1.237,799
WP,2014.34,1,0,0,0,0,0,0,1,0,0,0,0,7,58529,1.237,729
WP,2014.35,1,0,0,0,0,0,0,0,1,0,0,0,7,51451,1.144,829
WP,2014.36,1,0,0,0,0,0,0,0,1,0,0,0,7,51451,1.144,786
WP,2014.37,1,0,0,0,0,0,0,0,1,0,0,0,7,51451,1.144,756
WP,2014.38,1,0,0,0,0,0,0,0,1,0,0,0,7,51451,1.144,743
WP,2014.39,0,0,0,0,0,0,0,0,1,0,0,0,7,51451,1.144,846
WP,2014.4,0,0,0,0,0,0,0,0,0,1,0,0,7,50381,1.165,769
WP,2014.41,0,0,0,0,0,0,0,0,0,1,0,0,7,50381,1.165,765
WP,2014.42,0,0,0,0,0,0,0,0,0,1,0,0,7,50381,1.165,718
WP,2014.43,0,0,0,0,0,0,0,0,0,1,0,0,7,50381,1.165,759
WP,2014.44,0,0,0,0,0,0,0,0,0,0,1,0,7,48721,1.14,751
WP,2014.45,0,0,0,0,0,0,0,0,0,0,1,0,7,48721,1.14,656
WP,2014.46,0,0,0,0,0,0,0,0,0,0,1,0,7,48721,1.14,567
WP,2014.47,0,0,0,0,0,0,0,0,0,0,1,0,7,48721,1.14,563
WP,2014.48,0,0,0,0,0,0,0,0,0,0,0,1,7,45875,1.146,552
WP,2014.49,0,0,0,0,0,0,0,0,0,0,0,1,7,45875,1.146,602
WP,2014.5,0,0,0,0,0,0,0,0,0,0,0,1,7,45875,1.146,611
WP,2014.51,0,0,0,0,0,0,0,0,0,0,0,1,7,45875,1.146,491
WP,2014.52,0,0,0,0,0,0,0,0,0,0,0,1,3,45875,1.146,235
WP,2015,0,0,0,0,0,0,0,0,0,0,0,0,4,54104,1.14,273
WP,2015.01,0,0,0,0,0,0,0,0,0,0,0,0,7,54104,1.14,529
WP,2015.02,0,0,0,0,0,0,0,0,0,0,0,0,7,54104,1.14,603
WP,2015.03,0,0,0,0,0,0,0,0,0,0,0,0,7,54104,1.14,604
WP,2015.04,0,0,0,0,0,0,0,0,0,0,0,0,7,54104,1.14,535
WP,2015.05,0,1,0,0,0,0,0,0,0,0,0,0,7,50879,1.14,638
WP,2015.06,0,1,0,0,0,0,0,0,0,0,0,0,7,50879,1.14,531
WP,2015.07,0,1,0,0,0,0,0,0,0,0,0,0,7,50879,1.14,469
WP,2015.08,0,1,0,0,0,0,0,0,0,0,0,0,7,50879,1.14,547
WP,2015.09,0,0,1,0,0,0,0,0,0,0,0,0,7,49320,1.092,519
WP,2015.1,0,0,1,0,0,0,0,0,0,0,0,0,7,49320,1.092,621
WP,2015.11,0,0,1,0,0,0,0,0,0,0,0,0,7,49320,1.092,612
WP,2015.12,0,0,1,0,0,0,0,0,0,0,0,0,7,49320,1.092,595
WP,2015.13,0,0,1,0,0,0,0,0,0,0,0,0,7,49320,1.092,780
WP,2015.14,0,0,0,1,0,0,0,0,0,0,0,0,7,46180,1.087,695
WP,2015.15,0,0,0,1,0,0,0,0,0,0,0,0,7,46180,1.087,709
WP,2015.16,0,0,0,1,0,0,0,0,0,0,0,0,7,46180,1.087,715
WP,2015.17,0,0,0,1,0,0,0,0,0,0,0,0,7,46180,1.087,776
WP,2015.18,0,0,0,0,1,0,0,0,0,0,0,0,7,53225,1.118,758
WP,2015.19,0,0,0,0,1,0,0,0,0,0,0,0,7,53225,1.118,766
WP,2015.2,0,0,0,0,1,0,0,0,0,0,0,0,7,53225,1.118,740
WP,2015.21,0,0,0,0,1,0,0,0,0,0,0,0,7,53225,1.118,707
WP,2015.22,0,0,0,0,0,1,0,0,0,0,0,0,7,51468,1.039,721
WP,2015.23,0,0,0,0,0,1,0,0,0,0,0,0,7,51468,1.039,782
WP,2015.24,1,0,0,0,0,1,0,0,0,0,0,0,7,51468,1.039,788
WP,2015.25,1,0,0,0,0,1,0,0,0,0,0,0,7,51468,1.039,722
WP,2015.26,1,0,0,0,0,1,0,0,0,0,0,0,7,51468,1.039,757
WP,2015.27,1,0,0,0,0,0,1,0,0,0,0,0,7,55132,1.038,764
WP,2015.28,1,0,0,0,0,0,1,0,0,0,0,0,7,55132,1.038,802
WP,2015.29,1,0,0,0,0,0,1,0,0,0,0,0,7,55132,1.038,803
WP,2015.3,1,0,0,0,0,0,1,0,0,0,0,0,7,55132,1.038,894
WP,2015.31,1,0,0,0,0,0,0,1,0,0,0,0,7,50124,1.042,754
WP,2015.32,1,0,0,0,0,0,0,1,0,0,0,0,7,50124,1.042,795
WP,2015.33,1,0,0,0,0,0,0,1,0,0,0,0,7,50124,1.042,768
WP,2015.34,1,0,0,0,0,0,0,1,0,0,0,0,7,50124,1.042,816
WP,2015.35,1,0,0,0,0,0,0,1,0,0,0,0,7,50124,1.042,799
WP,2015.36,1,0,0,0,0,0,0,0,1,0,0,0,7,44703,1.026,749
WP,2015.37,1,0,0,0,0,0,0,0,1,0,0,0,7,44703,1.026,822
WP,2015.38,1,0,0,0,0,0,0,0,1,0,0,0,7,44703,1.026,614
WP,2015.39,0,0,0,0,0,0,0,0,1,0,0,0,7,44703,1.026,581
WP,2015.4,0,0,0,0,0,0,0,0,0,1,0,0,7,43005,0.999,750
WP,2015.41,0,0,0,0,0,0,0,0,0,1,0,0,7,43005,0.999,730
WP,2015.42,0,0,0,0,0,0,0,0,0,1,0,0,7,43005,0.999,725
WP,2015.43,0,0,0,0,0,0,0,0,0,1,0,0,7,43005,0.999,628
WP,2015.44,0,0,0,0,0,0,0,0,0,0,1,0,7,40368,0.999,688
WP,2015.45,0,0,0,0,0,0,0,0,0,0,1,0,7,40368,0.999,608
WP,2015.46,0,0,0,0,0,0,0,0,0,0,1,0,7,40368,0.999,620
WP,2015.47,0,0,0,0,0,0,0,0,0,0,1,0,7,40368,0.999,526
WP,2015.48,0,0,0,0,0,0,0,0,0,0,1,0,7,40368,0.999,641
WP,2015.49,0,0,0,0,0,0,0,0,0,0,0,1,7,36459,0.954,635
WP,2015.5,0,0,0,0,0,0,0,0,0,0,0,1,7,36459,0.954,595
WP,2015.51,0,0,0,0,0,0,0,0,0,0,0,1,7,36459,0.954,474
WP,2015.52,0,0,0,0,0,0,0,0,0,0,0,1,4,36459,0.954,337
WP,2016,0,0,0,0,0,0,0,0,0,0,0,0,3,44152,0.954,196
WP,2016.01,0,0,0,0,0,0,0,0,0,0,0,0,7,44152,0.954,481
WP,2016.02,0,0,0,0,0,0,0,0,0,0,0,0,7,44152,0.954,487
WP,2016.03,0,0,0,0,0,0,0,0,0,0,0,0,7,44152,0.954,422
WP,2016.04,0,0,0,0,0,0,0,0,0,0,0,0,7,44152,0.954,437
WP,2016.05,0,1,0,0,0,0,0,0,0,0,0,0,7,44178,0.955,491
WP,2016.06,0,1,0,0,0,0,0,0,0,0,0,0,7,44178,0.955,425
WP,2016.07,0,1,0,0,0,0,0,0,0,0,0,0,7,44178,0.955,493
WP,2016.08,0,1,0,0,0,0,0,0,0,0,0,0,7,44178,0.955,491
WP,2016.09,0,1,0,0,0,0,0,0,0,0,0,0,7,44178,0.955,519
WP,2016.1,0,0,1,0,0,0,0,0,0,0,0,0,7,47477,1.003,545
WP,2016.11,0,0,1,0,0,0,0,0,0,0,0,0,7,47477,1.003,519
WP,2016.12,0,0,1,0,0,0,0,0,0,0,0,0,7,47477,1.003,519
WP,2016.13,0,0,1,0,0,0,0,0,0,0,0,0,7,47477,1.003,562
WP,2016.14,0,0,0,1,0,0,0,0,0,0,0,0,7,46584,0.997,514
WP,2016.15,0,0,0,1,0,0,0,0,0,0,0,0,7,46584,0.997,601
WP,2016.16,0,0,0,1,0,0,0,0,0,0,0,0,7,46584,0.997,602
WP,2016.17,0,0,0,1,0,0,0,0,0,0,0,0,7,46584,0.997,596
WP,2016.18,0,0,0,0,1,0,0,0,0,0,0,0,7,49989,0.991,624
WP,2016.19,0,0,0,0,1,0,0,0,0,0,0,0,7,49989,0.991,600
WP,2016.2,0,0,0,0,1,0,0,0,0,0,0,0,7,49989,0.991,607
WP,2016.21,0,0,0,0,1,0,0,0,0,0,0,0,7,49989,0.991,660
WP,2016.22,0,0,0,0,1,0,0,0,0,0,0,0,7,49989,0.991,616
WP,2016.23,0,0,0,0,0,1,0,0,0,0,0,0,7,49192,0.992,579
WP,2016.24,0,0,0,0,0,1,0,0,0,0,0,0,7,49192,0.992,583
WP,2016.25,1,0,0,0,0,1,0,0,0,0,0,0,7,49192,0.992,708
WP,2016.26,1,0,0,0,0,1,0,0,0,0,0,0,7,49192,0.992,635
WP,2016.27,1,0,0,0,0,0,1,0,0,0,0,0,7,55291,0.993,646
WP,2016.28,1,0,0,0,0,0,1,0,0,0,0,0,7,55291,0.993,622
WP,2016.29,1,0,0,0,0,0,1,0,0,0,0,0,7,55291,0.993,493
WP,2016.3,1,0,0,0,0,0,1,0,0,0,0,0,7,55291,0.993,523
WP,2016.31,1,0,0,0,0,0,0,1,0,0,0,0,7,54853,0.993,609
WP,2016.32,1,0,0,0,0,0,0,1,0,0,0,0,7,54853,0.993,627
WP,2016.33,1,0,0,0,0,0,0,1,0,0,0,0,3,54853,0.993,276
NP,2006,0,0,0,0,0,0,0,0,0,0,0,0,1,39889,1.705,241
NP,2006.01,0,0,0,0,0,0,0,0,0,0,0,0,7,39889,1.705,2041
NP,2006.02,0,0,0,0,0,0,0,0,0,0,0,0,7,39889,1.705,2064
NP,2006.03,0,0,0,0,0,0,0,0,0,0,0,0,7,39889,1.705,2096
NP,2006.04,0,0,0,0,0,0,0,0,0,0,0,0,7,39889,1.705,1962
NP,2006.05,0,0,0,0,0,0,0,0,0,0,0,0,7,39889,1.705,2066
NP,2006.06,0,1,0,0,0,0,0,0,0,0,0,0,7,39051,1.705,1711
NP,2006.07,0,1,0,0,0,0,0,0,0,0,0,0,7,39051,1.705,1732
NP,2006.08,0,1,0,0,0,0,0,0,0,0,0,0,7,39051,1.705,1902
NP,2006.09,0,1,0,0,0,0,0,0,0,0,0,0,7,39051,1.705,1826
NP,2006.1,0,0,1,0,0,0,0,0,0,0,0,0,7,37543,1.671,1990
NP,2006.11,0,0,1,0,0,0,0,0,0,0,0,0,7,37543,1.671,2037
NP,2006.12,0,0,1,0,0,0,0,0,0,0,0,0,7,37543,1.671,1887
NP,2006.13,0,0,1,0,0,0,0,0,0,0,0,0,7,37543,1.671,2035
NP,2006.14,0,0,0,1,0,0,0,0,0,0,0,0,7,35645,1.663,1903
NP,2006.15,0,0,0,1,0,0,0,0,0,0,0,0,7,35645,1.663,2262
NP,2006.16,0,0,0,1,0,0,0,0,0,0,0,0,7,35645,1.663,1999
NP,2006.17,0,0,0,1,0,0,0,0,0,0,0,0,7,35645,1.663,2008
NP,2006.18,0,0,0,0,1,0,0,0,0,0,0,0,7,37946,1.663,2041
NP,2006.19,0,0,0,0,1,0,0,0,0,0,0,0,7,37946,1.663,2053
NP,2006.2,0,0,0,0,1,0,0,0,0,0,0,0,7,37946,1.663,2069
NP,2006.21,0,0,0,0,1,0,0,0,0,0,0,0,7,37946,1.663,2158
NP,2006.22,0,0,0,0,1,0,0,0,0,0,0,0,7,37946,1.663,1997
NP,2006.23,0,0,0,0,0,1,0,0,0,0,0,0,7,40179,1.598,2204
NP,2006.24,0,0,0,0,0,1,0,0,0,0,0,0,7,40179,1.598,2204
NP,2006.25,1,0,0,0,0,1,0,0,0,0,0,0,7,40179,1.598,2192
NP,2006.26,1,0,0,0,0,1,0,0,0,0,0,0,7,40179,1.598,2135
NP,2006.27,1,0,0,0,0,0,1,0,0,0,0,0,7,42513,1.603,1980
NP,2006.28,1,0,0,0,0,0,1,0,0,0,0,0,7,42513,1.603,2308
NP,2006.29,1,0,0,0,0,0,1,0,0,0,0,0,7,42513,1.603,2255
NP,2006.3,1,0,0,0,0,0,1,0,0,0,0,0,7,42513,1.603,2187
NP,2006.31,1,0,0,0,0,0,1,0,0,0,0,0,7,42513,1.603,2225
NP,2006.32,1,0,0,0,0,0,0,1,0,0,0,0,7,41035,1.603,2315
NP,2006.33,1,0,0,0,0,0,0,1,0,0,0,0,7,41035,1.603,2340
NP,2006.34,1,0,0,0,0,0,0,1,0,0,0,0,7,41035,1.603,2232
NP,2006.35,1,0,0,0,0,0,0,1,0,0,0,0,7,41035,1.603,2050
NP,2006.36,1,0,0,0,0,0,0,0,1,0,0,0,7,38005,1.543,2139
NP,2006.37,1,0,0,0,0,0,0,0,1,0,0,0,7,38005,1.543,2147
NP,2006.38,1,0,0,0,0,0,0,0,1,0,0,0,7,38005,1.543,2228
NP,2006.39,0,0,0,0,0,0,0,0,1,0,0,0,7,38005,1.543,2342
NP,2006.4,0,0,0,0,0,0,0,0,0,1,0,0,7,35581,1.515,2061
NP,2006.41,0,0,0,0,0,0,0,0,0,1,0,0,7,35581,1.515,2100
NP,2006.42,0,0,0,0,0,0,0,0,0,1,0,0,7,35581,1.515,2276
NP,2006.43,0,0,0,0,0,0,0,0,0,1,0,0,7,35581,1.515,2241
NP,2006.44,0,0,0,0,0,0,0,0,0,1,0,0,7,35581,1.515,2223
NP,2006.45,0,0,0,0,0,0,0,0,0,0,1,0,7,36787,1.514,2222
NP,2006.46,0,0,0,0,0,0,0,0,0,0,1,0,7,36787,1.514,2135
NP,2006.47,0,0,0,0,0,0,0,0,0,0,1,0,7,36787,1.514,1955
NP,2006.48,0,0,0,0,0,0,0,0,0,0,1,0,7,36787,1.514,2275
NP,2006.49,0,0,0,0,0,0,0,0,0,0,0,1,7,34511,1.483,1951
NP,2006.5,0,0,0,0,0,0,0,0,0,0,0,1,7,34511,1.483,2197
NP,2006.51,0,0,0,0,0,0,0,0,0,0,0,1,7,34511,1.483,1927
NP,2006.52,0,0,0,0,0,0,0,0,0,0,0,1,7,34511,1.483,1858
NP,2007.01,0,0,0,0,0,0,0,0,0,0,0,0,7,40482,1.482,2010
NP,2007.02,0,0,0,0,0,0,0,0,0,0,0,0,7,40482,1.482,2077
NP,2007.03,0,0,0,0,0,0,0,0,0,0,0,0,7,40482,1.482,1998
NP,2007.04,0,0,0,0,0,0,0,0,0,0,0,0,7,40482,1.482,1842
NP,2007.05,0,0,0,0,0,0,0,0,0,0,0,0,7,40482,1.482,1861
NP,2007.06,0,1,0,0,0,0,0,0,0,0,0,0,7,36592,1.482,1827
NP,2007.07,0,1,0,0,0,0,0,0,0,0,0,0,7,36592,1.482,1474
NP,2007.08,0,1,0,0,0,0,0,0,0,0,0,0,7,36592,1.482,1760
NP,2007.09,0,1,0,0,0,0,0,0,0,0,0,0,7,36592,1.482,1941
NP,2007.1,0,0,1,0,0,0,0,0,0,0,0,0,7,34860,1.512,1886
NP,2007.11,0,0,1,0,0,0,0,0,0,0,0,0,7,34860,1.512,1792
NP,2007.12,0,0,1,0,0,0,0,0,0,0,0,0,7,34860,1.512,2062
NP,2007.13,0,0,1,0,0,0,0,0,0,0,0,0,7,34860,1.512,2352
NP,2007.14,0,0,0,1,0,0,0,0,0,0,0,0,7,32915,1.505,2203
NP,2007.15,0,0,0,1,0,0,0,0,0,0,0,0,7,32915,1.505,2017
NP,2007.16,0,0,0,1,0,0,0,0,0,0,0,0,7,32915,1.505,2143
NP,2007.17,0,0,0,1,0,0,0,0,0,0,0,0,7,32915,1.505,2256
NP,2007.18,0,0,0,1,0,0,0,0,0,0,0,0,7,32915,1.505,2135
NP,2007.19,0,0,0,0,1,0,0,0,0,0,0,0,7,36947,1.506,2243
NP,2007.2,0,0,0,0,1,0,0,0,0,0,0,0,7,36947,1.506,2056
NP,2007.21,0,0,0,0,1,0,0,0,0,0,0,0,7,36947,1.506,2186
NP,2007.22,0,0,0,0,1,0,0,0,0,0,0,0,7,36947,1.506,2104
NP,2007.23,0,0,0,0,0,1,0,0,0,0,0,0,7,39493,1.512,2050
NP,2007.24,0,0,0,0,0,1,0,0,0,0,0,0,7,39493,1.512,2092
NP,2007.25,1,0,0,0,0,1,0,0,0,0,0,0,7,39493,1.512,2071
NP,2007.26,1,0,0,0,0,1,0,0,0,0,0,0,7,39493,1.512,2079
NP,2007.27,1,0,0,0,0,0,1,0,0,0,0,0,7,41661,1.513,2140
NP,2007.28,1,0,0,0,0,0,1,0,0,0,0,0,7,41661,1.513,2255
NP,2007.29,1,0,0,0,0,0,1,0,0,0,0,0,7,41661,1.513,2090
NP,2007.3,1,0,0,0,0,0,1,0,0,0,0,0,7,41661,1.513,2038
NP,2007.31,1,0,0,0,0,0,1,0,0,0,0,0,7,41661,1.513,2120
NP,2007.32,1,0,0,0,0,0,0,1,0,0,0,0,7,39871,1.513,2095
NP,2007.33,1,0,0,0,0,0,0,1,0,0,0,0,7,39871,1.513,2084
NP,2007.34,1,0,0,0,0,0,0,1,0,0,0,0,7,39871,1.513,2073
NP,2007.35,1,0,0,0,0,0,0,1,0,0,0,0,7,39871,1.513,2158
NP,2007.36,1,0,0,0,0,0,0,0,1,0,0,0,7,38460,1.491,2019
NP,2007.37,1,0,0,0,0,0,0,0,1,0,0,0,7,38460,1.491,2073
NP,2007.38,1,0,0,0,0,0,0,0,1,0,0,0,7,38460,1.491,1985
NP,2007.39,0,0,0,0,0,0,0,0,1,0,0,0,7,38460,1.491,2123
NP,2007.4,0,0,0,0,0,0,0,0,0,1,0,0,7,37868,1.49,2105
NP,2007.41,0,0,0,0,0,0,0,0,0,1,0,0,7,37868,1.49,1976
NP,2007.42,0,0,0,0,0,0,0,0,0,1,0,0,7,37868,1.49,2076
NP,2007.43,0,0,0,0,0,0,0,0,0,1,0,0,7,37868,1.49,2003
NP,2007.44,0,0,0,0,0,0,0,0,0,1,0,0,7,37868,1.49,1852
NP,2007.45,0,0,0,0,0,0,0,0,0,0,1,0,7,36908,1.499,1827
NP,2007.46,0,0,0,0,0,0,0,0,0,0,1,0,7,36908,1.499,2032
NP,2007.47,0,0,0,0,0,0,0,0,0,0,1,0,7,36908,1.499,1758
NP,2007.48,0,0,0,0,0,0,0,0,0,0,1,0,7,36908,1.499,2105
NP,2007.49,0,0,0,0,0,0,0,0,0,0,0,1,7,37439,1.485,1923
NP,2007.5,0,0,0,0,0,0,0,0,0,0,0,1,7,37439,1.485,2021
NP,2007.51,0,0,0,0,0,0,0,0,0,0,0,1,7,37439,1.485,1845
NP,2007.52,0,0,0,0,0,0,0,0,0,0,0,1,7,37439,1.485,1677
NP,2007.53,0,0,0,0,0,0,0,0,0,0,0,1,1,37439,1.485,219
NP,2008,0,0,0,0,0,0,0,0,0,0,0,0,6,42908,1.481,1494
NP,2008.01,0,0,0,0,0,0,0,0,0,0,0,0,7,42908,1.481,2084
NP,2008.02,0,0,0,0,0,0,0,0,0,0,0,0,7,42908,1.481,1839
NP,2008.03,0,0,0,0,0,0,0,0,0,0,0,0,7,42908,1.481,1823
NP,2008.04,0,0,0,0,0,0,0,0,0,0,0,0,7,42908,1.481,1861
NP,2008.05,0,1,0,0,0,0,0,0,0,0,0,0,7,40772,1.483,1947
NP,2008.06,0,1,0,0,0,0,0,0,0,0,0,0,7,40772,1.483,1729
NP,2008.07,0,1,0,0,0,0,0,0,0,0,0,0,7,40772,1.483,1882
NP,2008.08,0,1,0,0,0,0,0,0,0,0,0,0,7,40772,1.483,2006
NP,2008.09,0,0,1,0,0,0,0,0,0,0,0,0,7,40379,1.534,2052
NP,2008.1,0,0,1,0,0,0,0,0,0,0,0,0,7,40379,1.534,2233
NP,2008.11,0,0,1,0,0,0,0,0,0,0,0,0,7,40379,1.534,1967
NP,2008.12,0,0,1,0,0,0,0,0,0,0,0,0,7,40379,1.534,2106
NP,2008.13,0,0,1,0,0,0,0,0,0,0,0,0,7,40379,1.534,2071
NP,2008.14,0,0,0,1,0,0,0,0,0,0,0,0,7,36775,1.528,2173
NP,2008.15,0,0,0,1,0,0,0,0,0,0,0,0,7,36775,1.528,2277
NP,2008.16,0,0,0,1,0,0,0,0,0,0,0,0,7,36775,1.528,2153
NP,2008.17,0,0,0,1,0,0,0,0,0,0,0,0,7,36775,1.528,1990
NP,2008.18,0,0,0,0,1,0,0,0,0,0,0,0,7,42376,1.528,1853
NP,2008.19,0,0,0,0,1,0,0,0,0,0,0,0,7,42376,1.528,1755
NP,2008.2,0,0,0,0,1,0,0,0,0,0,0,0,7,42376,1.528,2151
NP,2008.21,0,0,0,0,1,0,0,0,0,0,0,0,7,42376,1.528,2189
NP,2008.22,0,0,0,0,0,1,0,0,0,0,0,0,7,44833,1.712,2076
NP,2008.23,0,0,0,0,0,1,0,0,0,0,0,0,7,44833,1.712,2144
NP,2008.24,1,0,0,0,0,1,0,0,0,0,0,0,7,44833,1.712,2267
NP,2008.25,1,0,0,0,0,1,0,0,0,0,0,0,7,44833,1.712,2188
NP,2008.26,1,0,0,0,0,1,0,0,0,0,0,0,7,44833,1.712,2089
NP,2008.27,1,0,0,0,0,0,1,0,0,0,0,0,7,47496,1.712,2145
NP,2008.28,1,0,0,0,0,0,1,0,0,0,0,0,7,47496,1.712,2181
NP,2008.29,1,0,0,0,0,0,1,0,0,0,0,0,7,47496,1.712,2170
NP,2008.3,1,0,0,0,0,0,1,0,0,0,0,0,7,47496,1.712,2266
NP,2008.31,1,0,0,0,0,0,0,1,0,0,0,0,7,48560,1.712,2232
NP,2008.32,1,0,0,0,0,0,0,1,0,0,0,0,7,48560,1.712,2152
NP,2008.33,1,0,0,0,0,0,0,1,0,0,0,0,7,48560,1.712,2342
NP,2008.34,1,0,0,0,0,0,0,1,0,0,0,0,7,48560,1.712,2313
NP,2008.35,1,0,0,0,0,0,0,0,1,0,0,0,7,45534,1.663,1939
NP,2008.36,1,0,0,0,0,0,0,0,1,0,0,0,7,45534,1.663,1986
NP,2008.37,1,0,0,0,0,0,0,0,1,0,0,0,7,45534,1.663,2048
NP,2008.38,1,0,0,0,0,0,0,0,1,0,0,0,7,45534,1.663,1827
NP,2008.39,0,0,0,0,0,0,0,0,1,0,0,0,7,45534,1.663,1915
NP,2008.4,0,0,0,0,0,0,0,0,0,1,0,0,7,47123,1.683,1895
NP,2008.41,0,0,0,0,0,0,0,0,0,1,0,0,7,47123,1.683,2025
NP,2008.42,0,0,0,0,0,0,0,0,0,1,0,0,7,47123,1.683,1799
NP,2008.43,0,0,0,0,0,0,0,0,0,1,0,0,7,47123,1.683,1684
NP,2008.44,0,0,0,0,0,0,0,0,0,0,1,0,7,47956,1.698,1899
NP,2008.45,0,0,0,0,0,0,0,0,0,0,1,0,7,47956,1.698,2034
NP,2008.46,0,0,0,0,0,0,0,0,0,0,1,0,7,47956,1.698,1680
NP,2008.47,0,0,0,0,0,0,0,0,0,0,1,0,7,47956,1.698,1674
NP,2008.48,0,0,0,0,0,0,0,0,0,0,0,1,7,50439,1.606,1868
NP,2008.49,0,0,0,0,0,0,0,0,0,0,0,1,7,50439,1.606,1901
NP,2008.5,0,0,0,0,0,0,0,0,0,0,0,1,7,50439,1.606,1833
NP,2008.51,0,0,0,0,0,0,0,0,0,0,0,1,7,50439,1.606,1458
NP,2008.52,0,0,0,0,0,0,0,0,0,0,0,1,3,50439,1.606,782
NP,2009,0,0,0,0,0,0,0,0,0,0,0,0,4,59947,1.606,913
NP,2009.01,0,0,0,0,0,0,0,0,0,0,0,0,7,59947,1.606,1774
NP,2009.02,0,0,0,0,0,0,0,0,0,0,0,0,7,59947,1.606,1598
NP,2009.03,0,0,0,0,0,0,0,0,0,0,0,0,7,59947,1.606,1667
NP,2009.04,0,0,0,0,0,0,0,0,0,0,0,0,7,59947,1.606,1549
NP,2009.05,0,1,0,0,0,0,0,0,0,0,0,0,7,61315,1.606,1670
NP,2009.06,0,1,0,0,0,0,0,0,0,0,0,0,7,61315,1.606,1807
NP,2009.07,0,1,0,0,0,0,0,0,0,0,0,0,7,61315,1.606,1706
NP,2009.08,0,1,0,0,0,0,0,0,0,0,0,0,7,61315,1.606,1764
NP,2009.09,0,0,1,0,0,0,0,0,0,0,0,0,7,60996,1.487,1730
NP,2009.1,0,0,1,0,0,0,0,0,0,0,0,0,7,60996,1.487,1960
NP,2009.11,0,0,1,0,0,0,0,0,0,0,0,0,7,60996,1.487,1948
NP,2009.12,0,0,1,0,0,0,0,0,0,0,0,0,7,60996,1.487,2000
NP,2009.13,0,0,1,0,0,0,0,0,0,0,0,0,7,60996,1.487,2120
NP,2009.14,0,0,0,1,0,0,0,0,0,0,0,0,7,56296,1.48,2188
NP,2009.15,0,0,0,1,0,0,0,0,0,0,0,0,7,56296,1.48,1862
NP,2009.16,0,0,0,1,0,0,0,0,0,0,0,0,7,56296,1.48,1936
NP,2009.17,0,0,0,1,0,0,0,0,0,0,0,0,7,56296,1.48,1889
NP,2009.18,0,0,0,0,1,0,0,0,0,0,0,0,7,62571,1.483,1937
NP,2009.19,0,0,0,0,1,0,0,0,0,0,0,0,7,62571,1.483,1965
NP,2009.2,0,0,0,0,1,0,0,0,0,0,0,0,7,62571,1.483,2009
NP,2009.21,0,0,0,0,1,0,0,0,0,0,0,0,7,62571,1.483,2120
NP,2009.22,0,0,0,0,0,1,0,0,0,0,0,0,7,65829,1.398,1928
NP,2009.23,0,0,0,0,0,1,0,0,0,0,0,0,7,65829,1.398,1956
NP,2009.24,1,0,0,0,0,1,0,0,0,0,0,0,7,65829,1.398,1934
NP,2009.25,1,0,0,0,0,1,0,0,0,0,0,0,7,65829,1.398,2095
NP,2009.26,1,0,0,0,0,1,0,0,0,0,0,0,7,65829,1.398,1959
NP,2009.27,1,0,0,0,0,0,1,0,0,0,0,0,7,68442,1.398,1988
NP,2009.28,1,0,0,0,0,0,1,0,0,0,0,0,7,68442,1.398,2001
NP,2009.29,1,0,0,0,0,0,1,0,0,0,0,0,7,68442,1.398,2008
NP,2009.3,1,0,0,0,0,0,1,0,0,0,0,0,7,68442,1.398,1922
NP,2009.31,1,0,0,0,0,0,0,1,0,0,0,0,7,67983,1.398,2016
NP,2009.32,1,0,0,0,0,0,0,1,0,0,0,0,7,67983,1.398,1888
NP,2009.33,1,0,0,0,0,0,0,1,0,0,0,0,7,67983,1.398,1871
NP,2009.34,1,0,0,0,0,0,0,1,0,0,0,0,7,67983,1.398,1929
NP,2009.35,1,0,0,0,0,0,0,1,0,0,0,0,7,67983,1.398,1955
NP,2009.36,1,0,0,0,0,0,0,0,1,0,0,0,7,65854,1.378,1645
NP,2009.37,1,0,0,0,0,0,0,0,1,0,0,0,7,65854,1.378,1800
NP,2009.38,1,0,0,0,0,0,0,0,1,0,0,0,7,65854,1.378,1832
NP,2009.39,0,0,0,0,0,0,0,0,1,0,0,0,7,65854,1.378,1807
NP,2009.4,0,0,0,0,0,0,0,0,0,1,0,0,7,65774,1.321,1882
NP,2009.41,0,0,0,0,0,0,0,0,0,1,0,0,7,65774,1.321,1550
NP,2009.42,0,0,0,0,0,0,0,0,0,1,0,0,7,65774,1.321,1750
NP,2009.43,0,0,0,0,0,0,0,0,0,1,0,0,7,65774,1.321,1758
NP,2009.44,0,0,0,0,0,0,0,0,0,0,1,0,7,64266,1.325,1662
NP,2009.45,0,0,0,0,0,0,0,0,0,0,1,0,7,64266,1.325,1807
NP,2009.46,0,0,0,0,0,0,0,0,0,0,1,0,7,64266,1.325,1834
NP,2009.47,0,0,0,0,0,0,0,0,0,0,1,0,7,64266,1.325,1623
NP,2009.48,0,0,0,0,0,0,0,0,0,0,1,0,7,64266,1.325,1730
NP,2009.49,0,0,0,0,0,0,0,0,0,0,0,1,7,63756,1.349,1844
NP,2009.5,0,0,0,0,0,0,0,0,0,0,0,1,7,63756,1.349,1536
NP,2009.51,0,0,0,0,0,0,0,0,0,0,0,1,7,63756,1.349,1231
NP,2009.52,0,0,0,0,0,0,0,0,0,0,0,1,4,63756,1.349,878
NP,2010,0,0,0,0,0,0,0,0,0,0,0,0,3,74593,1.353,574
NP,2010.01,0,0,0,0,0,0,0,0,0,0,0,0,7,74593,1.353,1538
NP,2010.02,0,0,0,0,0,0,0,0,0,0,0,0,7,74593,1.353,1688
NP,2010.03,0,0,0,0,0,0,0,0,0,0,0,0,7,74593,1.353,1820
NP,2010.04,0,0,0,0,0,0,0,0,0,0,0,0,7,74593,1.353,1583
NP,2010.05,0,1,0,0,0,0,0,0,0,0,0,0,7,73592,1.352,1510
NP,2010.06,0,1,0,0,0,0,0,0,0,0,0,0,7,73592,1.352,1055
NP,2010.07,0,1,0,0,0,0,0,0,0,0,0,0,7,73592,1.352,1660
NP,2010.08,0,1,0,0,0,0,0,0,0,0,0,0,7,73592,1.352,1464
NP,2010.09,0,0,1,0,0,0,0,0,0,0,0,0,7,72694,1.383,1745
NP,2010.1,0,0,1,0,0,0,0,0,0,0,0,0,7,72694,1.383,1732
NP,2010.11,0,0,1,0,0,0,0,0,0,0,0,0,7,72694,1.383,1851
NP,2010.12,0,0,1,0,0,0,0,0,0,0,0,0,7,72694,1.383,1839
NP,2010.13,0,0,1,0,0,0,0,0,0,0,0,0,7,72694,1.383,1804
NP,2010.14,0,0,0,1,0,0,0,0,0,0,0,0,7,69944,1.375,1844
NP,2010.15,0,0,0,1,0,0,0,0,0,0,0,0,7,69944,1.375,1896
NP,2010.16,0,0,0,1,0,0,0,0,0,0,0,0,7,69944,1.375,1740
NP,2010.17,0,0,0,1,0,0,0,0,0,0,0,0,7,69944,1.375,1923
NP,2010.18,0,0,0,0,1,0,0,0,0,0,0,0,7,73123,1.375,1953
NP,2010.19,0,0,0,0,1,0,0,0,0,0,0,0,7,73123,1.375,1919
NP,2010.2,0,0,0,0,1,0,0,0,0,0,0,0,7,73123,1.375,1964
NP,2010.21,0,0,0,0,1,0,0,0,0,0,0,0,7,73123,1.375,1876
NP,2010.22,0,0,0,0,1,0,0,0,0,0,0,0,7,73123,1.375,1833
NP,2010.23,0,0,0,0,0,1,0,0,0,0,0,0,7,74479,1.292,1932
NP,2010.24,0,0,0,0,0,1,0,0,0,0,0,0,7,74479,1.292,1885
NP,2010.25,1,0,0,0,0,1,0,0,0,0,0,0,7,74479,1.292,1917
NP,2010.26,1,0,0,0,0,1,0,0,0,0,0,0,7,74479,1.292,1932
NP,2010.27,1,0,0,0,0,0,1,0,0,0,0,0,7,77862,1.287,1791
NP,2010.28,1,0,0,0,0,0,1,0,0,0,0,0,7,77862,1.287,1809
NP,2010.29,1,0,0,0,0,0,1,0,0,0,0,0,7,77862,1.287,1871
NP,2010.3,1,0,0,0,0,0,1,0,0,0,0,0,7,77862,1.287,1904
NP,2010.31,1,0,0,0,0,0,0,1,0,0,0,0,7,76094,1.287,2102
NP,2010.32,1,0,0,0,0,0,0,1,0,0,0,0,7,76094,1.287,1827
NP,2010.33,1,0,0,0,0,0,0,1,0,0,0,0,7,76094,1.287,2074
NP,2010.34,1,0,0,0,0,0,0,1,0,0,0,0,7,76094,1.287,1857
NP,2010.35,1,0,0,0,0,0,0,1,0,0,0,0,7,76094,1.287,1814
NP,2010.36,1,0,0,0,0,0,0,0,1,0,0,0,7,70586,1.303,1727
NP,2010.37,1,0,0,0,0,0,0,0,1,0,0,0,7,70586,1.303,1862
NP,2010.38,1,0,0,0,0,0,0,0,1,0,0,0,7,70586,1.303,1679
NP,2010.39,0,0,0,0,0,0,0,0,1,0,0,0,7,70586,1.303,1944
NP,2010.4,0,0,0,0,0,0,0,0,0,1,0,0,7,69967,1.293,1708
NP,2010.41,0,0,0,0,0,0,0,0,0,1,0,0,7,69967,1.293,1725
NP,2010.42,0,0,0,0,0,0,0,0,0,1,0,0,7,69967,1.293,1792
NP,2010.43,0,0,0,0,0,0,0,0,0,1,0,0,7,69967,1.293,1900
NP,2010.44,0,0,0,0,0,0,0,0,0,0,1,0,7,71748,1.3,1692
NP,2010.45,0,0,0,0,0,0,0,0,0,0,1,0,7,71748,1.3,1796
NP,2010.46,0,0,0,0,0,0,0,0,0,0,1,0,7,71748,1.3,1863
NP,2010.47,0,0,0,0,0,0,0,0,0,0,1,0,7,71748,1.3,1653
NP,2010.48,0,0,0,0,0,0,0,0,0,0,1,0,7,71748,1.3,1761
NP,2010.49,0,0,0,0,0,0,0,0,0,0,0,1,7,68147,1.257,1702
NP,2010.5,0,0,0,0,0,0,0,0,0,0,0,1,7,68147,1.257,1427
NP,2010.51,0,0,0,0,0,0,0,0,0,0,0,1,7,68147,1.257,1360
NP,2010.52,0,0,0,0,0,0,0,0,0,0,0,1,5,68147,1.257,923
NP,2011,0,0,0,0,0,0,0,0,0,0,0,0,2,75237,1.273,390
NP,2011.01,0,0,0,0,0,0,0,0,0,0,0,0,7,75237,1.273,1586
NP,2011.02,0,0,0,0,0,0,0,0,0,0,0,0,7,75237,1.273,1501
NP,2011.03,0,0,0,0,0,0,0,0,0,0,0,0,7,75237,1.273,1565
NP,2011.04,0,0,0,0,0,0,0,0,0,0,0,0,7,75237,1.273,1266
NP,2011.05,0,0,0,0,0,0,0,0,0,0,0,0,7,75237,1.273,1465
NP,2011.06,0,1,0,0,0,0,0,0,0,0,0,0,7,71812,1.274,1623
NP,2011.07,0,1,0,0,0,0,0,0,0,0,0,0,7,71812,1.274,1695
NP,2011.08,0,1,0,0,0,0,0,0,0,0,0,0,7,71812,1.274,1660
NP,2011.09,0,1,0,0,0,0,0,0,0,0,0,0,7,71812,1.274,1734
NP,2011.1,0,0,1,0,0,0,0,0,0,0,0,0,7,69611,1.315,1731
NP,2011.11,0,0,1,0,0,0,0,0,0,0,0,0,7,69611,1.315,1745
NP,2011.12,0,0,1,0,0,0,0,0,0,0,0,0,7,69611,1.315,1770
NP,2011.13,0,0,1,0,0,0,0,0,0,0,0,0,7,69611,1.315,1753
NP,2011.14,0,0,0,1,0,0,0,0,0,0,0,0,7,65605,1.308,1817
NP,2011.15,0,0,0,1,0,0,0,0,0,0,0,0,7,65605,1.308,1792
NP,2011.16,0,0,0,1,0,0,0,0,0,0,0,0,7,65605,1.308,1868
NP,2011.17,0,0,0,1,0,0,0,0,0,0,0,0,7,65605,1.308,1774
NP,2011.18,0,0,0,0,1,0,0,0,0,0,0,0,7,71923,1.309,1791
NP,2011.19,0,0,0,0,1,0,0,0,0,0,0,0,7,71923,1.309,1930
NP,2011.2,0,0,0,0,1,0,0,0,0,0,0,0,7,71923,1.309,1775
NP,2011.21,0,0,0,0,1,0,0,0,0,0,0,0,7,71923,1.309,1803
NP,2011.22,0,0,0,0,1,0,0,0,0,0,0,0,7,71923,1.309,1819
NP,2011.23,0,0,0,0,0,1,0,0,0,0,0,0,7,77076,1.257,1784
NP,2011.24,0,0,0,0,0,1,0,0,0,0,0,0,7,77076,1.257,1788
NP,2011.25,1,0,0,0,0,1,0,0,0,0,0,0,7,77076,1.257,1830
NP,2011.26,1,0,0,0,0,1,0,0,0,0,0,0,7,77076,1.257,1868
NP,2011.27,1,0,0,0,0,0,1,0,0,0,0,0,7,81478,1.257,1724
NP,2011.28,1,0,0,0,0,0,1,0,0,0,0,0,7,81478,1.257,1704
NP,2011.29,1,0,0,0,0,0,1,0,0,0,0,0,7,81478,1.257,1749
NP,2011.3,1,0,0,0,0,0,1,0,0,0,0,0,7,81478,1.257,1879
NP,2011.31,1,0,0,0,0,0,0,1,0,0,0,0,7,79715,1.256,1825
NP,2011.32,1,0,0,0,0,0,0,1,0,0,0,0,7,79715,1.256,1786
NP,2011.33,1,0,0,0,0,0,0,1,0,0,0,0,7,79715,1.256,1793
NP,2011.34,1,0,0,0,0,0,0,1,0,0,0,0,7,79715,1.256,1628
NP,2011.35,1,0,0,0,0,0,0,1,0,0,0,0,7,79715,1.256,1874
NP,2011.36,1,0,0,0,0,0,0,0,1,0,0,0,7,76153,1.22,1716
NP,2011.37,1,0,0,0,0,0,0,0,1,0,0,0,7,76153,1.22,1802
NP,2011.38,1,0,0,0,0,0,0,0,1,0,0,0,7,76153,1.22,1842
NP,2011.39,0,0,0,0,0,0,0,0,1,0,0,0,7,76153,1.22,1733
NP,2011.4,0,0,0,0,0,0,0,0,0,1,0,0,7,74783,1.209,1600
NP,2011.41,0,0,0,0,0,0,0,0,0,1,0,0,7,74783,1.209,1694
NP,2011.42,0,0,0,0,0,0,0,0,0,1,0,0,7,74783,1.209,1757
NP,2011.43,0,0,0,0,0,0,0,0,0,1,0,0,7,74783,1.209,1661
NP,2011.44,0,0,0,0,0,0,0,0,0,1,0,0,7,74783,1.209,1637
NP,2011.45,0,0,0,0,0,0,0,0,0,0,1,0,7,71315,1.214,1766
NP,2011.46,0,0,0,0,0,0,0,0,0,0,1,0,7,71315,1.214,1667
NP,2011.47,0,0,0,0,0,0,0,0,0,0,1,0,7,71315,1.214,1509
NP,2011.48,0,0,0,0,0,0,0,0,0,0,1,0,7,71315,1.214,1621
NP,2011.49,0,0,0,0,0,0,0,0,0,0,0,1,7,69907,1.243,1651
NP,2011.5,0,0,0,0,0,0,0,0,0,0,0,1,7,69907,1.243,1586
NP,2011.51,0,0,0,0,0,0,0,0,0,0,0,1,7,69907,1.243,1521
NP,2011.52,0,0,0,0,0,0,0,0,0,0,0,1,6,69907,1.243,1288
NP,2012,0,0,0,0,0,0,0,0,0,0,0,0,1,76690,1.238,217
NP,2012.01,0,0,0,0,0,0,0,0,0,0,0,0,7,76690,1.238,1553
NP,2012.02,0,0,0,0,0,0,0,0,0,0,0,0,7,76690,1.238,1690
NP,2012.03,0,0,0,0,0,0,0,0,0,0,0,0,7,76690,1.238,1587
NP,2012.04,0,0,0,0,0,0,0,0,0,0,0,0,7,76690,1.238,1632
NP,2012.05,0,0,0,0,0,0,0,0,0,0,0,0,7,76690,1.238,1771
NP,2012.06,0,1,0,0,0,0,0,0,0,0,0,0,7,75242,1.223,1541
NP,2012.07,0,1,0,0,0,0,0,0,0,0,0,0,7,75242,1.223,1825
NP,2012.08,0,1,0,0,0,0,0,0,0,0,0,0,7,75242,1.223,1815
NP,2012.09,0,1,0,0,0,0,0,0,0,0,0,0,7,75242,1.223,1696
NP,2012.1,0,0,1,0,0,0,0,0,0,0,0,0,7,73466,1.198,1702
NP,2012.11,0,0,1,0,0,0,0,0,0,0,0,0,7,73466,1.198,1900
NP,2012.12,0,0,1,0,0,0,0,0,0,0,0,0,7,73466,1.198,1788
NP,2012.13,0,0,1,0,0,0,0,0,0,0,0,0,7,73466,1.198,1656
NP,2012.14,0,0,0,1,0,0,0,0,0,0,0,0,7,67273,1.192,1793
NP,2012.15,0,0,0,1,0,0,0,0,0,0,0,0,7,67273,1.192,1782
NP,2012.16,0,0,0,1,0,0,0,0,0,0,0,0,7,67273,1.192,1862
NP,2012.17,0,0,0,1,0,0,0,0,0,0,0,0,7,67273,1.192,1898
NP,2012.18,0,0,0,1,0,0,0,0,0,0,0,0,7,67273,1.192,1872
NP,2012.19,0,0,0,0,1,0,0,0,0,0,0,0,7,75176,1.194,1887
NP,2012.2,0,0,0,0,1,0,0,0,0,0,0,0,7,75176,1.194,1916
NP,2012.21,0,0,0,0,1,0,0,0,0,0,0,0,7,75176,1.194,2005
NP,2012.22,0,0,0,0,1,0,0,0,0,0,0,0,7,75176,1.194,1933
NP,2012.23,0,0,0,0,0,1,0,0,0,0,0,0,7,80233,1.17,2005
NP,2012.24,0,0,0,0,0,1,0,0,0,0,0,0,7,80233,1.17,1821
NP,2012.25,1,0,0,0,0,1,0,0,0,0,0,0,7,80233,1.17,1925
NP,2012.26,1,0,0,0,0,1,0,0,0,0,0,0,7,80233,1.17,1883
NP,2012.27,1,0,0,0,0,0,1,0,0,0,0,0,7,84929,1.169,1986
NP,2012.28,1,0,0,0,0,0,1,0,0,0,0,0,7,84929,1.169,1790
NP,2012.29,1,0,0,0,0,0,1,0,0,0,0,0,7,84929,1.169,1898
NP,2012.3,1,0,0,0,0,0,1,0,0,0,0,0,7,84929,1.169,1879
NP,2012.31,1,0,0,0,0,0,1,0,0,0,0,0,7,84929,1.169,1761
NP,2012.32,1,0,0,0,0,0,0,1,0,0,0,0,7,82763,1.169,1833
NP,2012.33,1,0,0,0,0,0,0,1,0,0,0,0,7,82763,1.169,1855
NP,2012.34,1,0,0,0,0,0,0,1,0,0,0,0,7,82763,1.169,1869
NP,2012.35,1,0,0,0,0,0,0,1,0,0,0,0,7,82763,1.169,1868
NP,2012.36,1,0,0,0,0,0,0,0,1,0,0,0,7,76146,1.179,1854
NP,2012.37,1,0,0,0,0,0,0,0,1,0,0,0,7,76146,1.179,1802
NP,2012.38,1,0,0,0,0,0,0,0,1,0,0,0,7,76146,1.179,1955
NP,2012.39,0,0,0,0,0,0,0,0,1,0,0,0,7,76146,1.179,1768
NP,2012.4,0,0,0,0,0,0,0,0,0,1,0,0,7,76990,1.173,1841
NP,2012.41,0,0,0,0,0,0,0,0,0,1,0,0,7,76990,1.173,1754
NP,2012.42,0,0,0,0,0,0,0,0,0,1,0,0,7,76990,1.173,1831
NP,2012.43,0,0,0,0,0,0,0,0,0,1,0,0,7,76990,1.173,1805
NP,2012.44,0,0,0,0,0,0,0,0,0,1,0,0,7,76990,1.173,1443
NP,2012.45,0,0,0,0,0,0,0,0,0,0,1,0,7,72008,1.176,1593
NP,2012.46,0,0,0,0,0,0,0,0,0,0,1,0,7,72008,1.176,1675
NP,2012.47,0,0,0,0,0,0,0,0,0,0,1,0,7,72008,1.176,1430
NP,2012.48,0,0,0,0,0,0,0,0,0,0,1,0,7,72008,1.176,1584
NP,2012.49,0,0,0,0,0,0,0,0,0,0,0,1,7,73780,1.194,1705
NP,2012.5,0,0,0,0,0,0,0,0,0,0,0,1,7,73780,1.194,1652
NP,2012.51,0,0,0,0,0,0,0,0,0,0,0,1,7,73780,1.194,1568
NP,2012.52,0,0,0,0,0,0,0,0,0,0,0,1,7,73780,1.194,1199
NP,2012.53,0,0,0,0,0,0,0,0,0,0,0,1,1,73780,1.194,195
NP,2013,0,0,0,0,0,0,0,0,0,0,0,0,6,83308,1.187,1327
NP,2013.01,0,0,0,0,0,0,0,0,0,0,0,0,7,83308,1.187,1548
NP,2013.02,0,0,0,0,0,0,0,0,0,0,0,0,7,83308,1.187,1598
NP,2013.03,0,0,0,0,0,0,0,0,0,0,0,0,7,83308,1.187,1280
NP,2013.04,0,0,0,0,0,0,0,0,0,0,0,0,7,83308,1.187,1449
NP,2013.05,0,1,0,0,0,0,0,0,0,0,0,0,7,77129,1.188,1426
NP,2013.06,0,1,0,0,0,0,0,0,0,0,0,0,7,77129,1.188,1571
NP,2013.07,0,1,0,0,0,0,0,0,0,0,0,0,7,77129,1.188,1518
NP,2013.08,0,1,0,0,0,0,0,0,0,0,0,0,7,77129,1.188,1689
NP,2013.09,0,0,1,0,0,0,0,0,0,0,0,0,7,73266,1.224,1664
NP,2013.1,0,0,1,0,0,0,0,0,0,0,0,0,7,73266,1.224,1469
NP,2013.11,0,0,1,0,0,0,0,0,0,0,0,0,7,73266,1.224,1597
NP,2013.12,0,0,1,0,0,0,0,0,0,0,0,0,7,73266,1.224,1641
NP,2013.13,0,0,0,1,0,0,0,0,0,0,0,0,7,67452,1.214,1709
NP,2013.14,0,0,0,1,0,0,0,0,0,0,0,0,7,67452,1.214,1657
NP,2013.15,0,0,0,1,0,0,0,0,0,0,0,0,7,67452,1.214,1769
NP,2013.16,0,0,0,1,0,0,0,0,0,0,0,0,7,67452,1.214,1640
NP,2013.17,0,0,0,1,0,0,0,0,0,0,0,0,7,67452,1.214,1767
NP,2013.18,0,0,0,0,1,0,0,0,0,0,0,0,7,72640,1.216,1771
NP,2013.19,0,0,0,0,1,0,0,0,0,0,0,0,7,72640,1.216,1735
NP,2013.2,0,0,0,0,1,0,0,0,0,0,0,0,7,72640,1.216,1762
NP,2013.21,0,0,0,0,1,0,0,0,0,0,0,0,7,72640,1.216,1708
NP,2013.22,0,0,0,0,0,1,0,0,0,0,0,0,7,75706,1.215,1713
NP,2013.23,0,0,0,0,0,1,0,0,0,0,0,0,7,75706,1.215,1724
NP,2013.24,1,0,0,0,0,1,0,0,0,0,0,0,7,75706,1.215,1895
NP,2013.25,1,0,0,0,0,1,0,0,0,0,0,0,7,75706,1.215,1854
NP,2013.26,1,0,0,0,0,0,1,0,0,0,0,0,7,77628,1.219,1747
NP,2013.27,1,0,0,0,0,0,1,0,0,0,0,0,7,77628,1.219,1711
NP,2013.28,1,0,0,0,0,0,1,0,0,0,0,0,7,77628,1.219,1766
NP,2013.29,1,0,0,0,0,0,1,0,0,0,0,0,7,77628,1.219,1793
NP,2013.3,1,0,0,0,0,0,1,0,0,0,0,0,7,77628,1.219,1782
NP,2013.31,1,0,0,0,0,0,0,1,0,0,0,0,7,75479,1.216,1852
NP,2013.32,1,0,0,0,0,0,0,1,0,0,0,0,7,75479,1.216,1744
NP,2013.33,1,0,0,0,0,0,0,1,0,0,0,0,7,75479,1.216,1938
NP,2013.34,1,0,0,0,0,0,0,1,0,0,0,0,7,75479,1.216,1778
NP,2013.35,1,0,0,0,0,0,0,0,1,0,0,0,7,70111,1.186,1737
NP,2013.36,1,0,0,0,0,0,0,0,1,0,0,0,7,70111,1.186,1650
NP,2013.37,1,0,0,0,0,0,0,0,1,0,0,0,7,70111,1.186,1765
NP,2013.38,0,0,0,0,0,0,0,0,1,0,0,0,7,70111,1.186,1659
NP,2013.39,0,0,0,0,0,0,0,0,1,0,0,0,7,70111,1.186,1868
NP,2013.4,0,0,0,0,0,0,0,0,0,1,0,0,7,69831,1.176,1627
NP,2013.41,0,0,0,0,0,0,0,0,0,1,0,0,7,69831,1.176,1737
NP,2013.42,0,0,0,0,0,0,0,0,0,1,0,0,7,69831,1.176,1590
NP,2013.43,0,0,0,0,0,0,0,0,0,1,0,0,7,69831,1.176,1689
NP,2013.44,0,0,0,0,0,0,0,0,0,0,1,0,7,63408,1.147,1586
NP,2013.45,0,0,0,0,0,0,0,0,0,0,1,0,7,63408,1.147,1602
NP,2013.46,0,0,0,0,0,0,0,0,0,0,1,0,7,63408,1.147,1613
NP,2013.47,0,0,0,0,0,0,0,0,0,0,1,0,7,63408,1.147,1309
NP,2013.48,0,0,0,0,0,0,0,0,0,0,0,1,7,58411,1.127,1444
NP,2013.49,0,0,0,0,0,0,0,0,0,0,0,1,7,58411,1.127,1235
NP,2013.5,0,0,0,0,0,0,0,0,0,0,0,1,7,58411,1.127,1530
NP,2013.51,0,0,0,0,0,0,0,0,0,0,0,1,7,58411,1.127,1215
NP,2013.52,0,0,0,0,0,0,0,0,0,0,0,1,2,58411,1.127,379
NP,2014,0,0,0,0,0,0,0,0,0,0,0,0,5,63662,1.163,768
NP,2014.01,0,0,0,0,0,0,0,0,0,0,0,0,7,63662,1.163,1374
NP,2014.02,0,0,0,0,0,0,0,0,0,0,0,0,7,63662,1.163,1512
NP,2014.03,0,0,0,0,0,0,0,0,0,0,0,0,7,63662,1.163,1094
NP,2014.04,0,0,0,0,0,0,0,0,0,0,0,0,7,63662,1.163,1300
NP,2014.05,0,1,0,0,0,0,0,0,0,0,0,0,7,62403,1.129,1252
NP,2014.06,0,1,0,0,0,0,0,0,0,0,0,0,7,62403,1.129,1152
NP,2014.07,0,1,0,0,0,0,0,0,0,0,0,0,7,62403,1.129,1386
NP,2014.08,0,1,0,0,0,0,0,0,0,0,0,0,7,62403,1.129,1300
NP,2014.09,0,0,1,0,0,0,0,0,0,0,0,0,7,61131,1.219,1475
NP,2014.1,0,0,1,0,0,0,0,0,0,0,0,0,7,61131,1.219,1448
NP,2014.11,0,0,1,0,0,0,0,0,0,0,0,0,7,61131,1.219,1673
NP,2014.12,0,0,1,0,0,0,0,0,0,0,0,0,7,61131,1.219,1457
NP,2014.13,0,0,1,0,0,0,0,0,0,0,0,0,7,61131,1.219,1672
NP,2014.14,0,0,0,1,0,0,0,0,0,0,0,0,7,52018,1.233,1801
NP,2014.15,0,0,0,1,0,0,0,0,0,0,0,0,7,52018,1.233,1702
NP,2014.16,0,0,0,1,0,0,0,0,0,0,0,0,7,52018,1.233,1747
NP,2014.17,0,0,0,1,0,0,0,0,0,0,0,0,7,52018,1.233,1753
NP,2014.18,0,0,0,0,1,0,0,0,0,0,0,0,7,58777,1.23,1766
NP,2014.19,0,0,0,0,1,0,0,0,0,0,0,0,7,58777,1.23,1791
NP,2014.2,0,0,0,0,1,0,0,0,0,0,0,0,7,58777,1.23,1732
NP,2014.21,0,0,0,0,1,0,0,0,0,0,0,0,7,58777,1.23,1801
NP,2014.22,0,0,0,0,0,1,0,0,0,0,0,0,7,58013,1.233,1841
NP,2014.23,0,0,0,0,0,1,0,0,0,0,0,0,7,58013,1.233,1764
NP,2014.24,1,0,0,0,0,1,0,0,0,0,0,0,7,58013,1.233,1952
NP,2014.25,1,0,0,0,0,1,0,0,0,0,0,0,7,58013,1.233,1747
NP,2014.26,1,0,0,0,0,1,0,0,0,0,0,0,7,58013,1.233,1739
NP,2014.27,1,0,0,0,0,0,1,0,0,0,0,0,7,62450,1.236,1938
NP,2014.28,1,0,0,0,0,0,1,0,0,0,0,0,7,62450,1.236,1856
NP,2014.29,1,0,0,0,0,0,1,0,0,0,0,0,7,62450,1.236,1876
NP,2014.3,1,0,0,0,0,0,1,0,0,0,0,0,7,62450,1.236,1730
NP,2014.31,1,0,0,0,0,0,0,1,0,0,0,0,7,58529,1.237,1869
NP,2014.32,1,0,0,0,0,0,0,1,0,0,0,0,7,58529,1.237,1787
NP,2014.33,1,0,0,0,0,0,0,1,0,0,0,0,7,58529,1.237,1729
NP,2014.34,1,0,0,0,0,0,0,1,0,0,0,0,7,58529,1.237,1639
NP,2014.35,1,0,0,0,0,0,0,0,1,0,0,0,7,51451,1.144,1856
NP,2014.36,1,0,0,0,0,0,0,0,1,0,0,0,7,51451,1.144,1745
NP,2014.37,1,0,0,0,0,0,0,0,1,0,0,0,7,51451,1.144,1935
NP,2014.38,1,0,0,0,0,0,0,0,1,0,0,0,7,51451,1.144,1847
NP,2014.39,0,0,0,0,0,0,0,0,1,0,0,0,7,51451,1.144,1833
NP,2014.4,0,0,0,0,0,0,0,0,0,1,0,0,7,50381,1.165,1819
NP,2014.41,0,0,0,0,0,0,0,0,0,1,0,0,7,50381,1.165,1820
NP,2014.42,0,0,0,0,0,0,0,0,0,1,0,0,7,50381,1.165,1808
NP,2014.43,0,0,0,0,0,0,0,0,0,1,0,0,7,50381,1.165,1805
NP,2014.44,0,0,0,0,0,0,0,0,0,0,1,0,7,48721,1.14,1882
NP,2014.45,0,0,0,0,0,0,0,0,0,0,1,0,7,48721,1.14,1818
NP,2014.46,0,0,0,0,0,0,0,0,0,0,1,0,7,48721,1.14,1614
NP,2014.47,0,0,0,0,0,0,0,0,0,0,1,0,7,48721,1.14,1455
NP,2014.48,0,0,0,0,0,0,0,0,0,0,0,1,7,45875,1.146,1644
NP,2014.49,0,0,0,0,0,0,0,0,0,0,0,1,7,45875,1.146,1533
NP,2014.5,0,0,0,0,0,0,0,0,0,0,0,1,7,45875,1.146,1644
NP,2014.51,0,0,0,0,0,0,0,0,0,0,0,1,7,45875,1.146,1349
NP,2014.52,0,0,0,0,0,0,0,0,0,0,0,1,3,45875,1.146,609
NP,2015,0,0,0,0,0,0,0,0,0,0,0,0,4,54104,1.14,804
NP,2015.01,0,0,0,0,0,0,0,0,0,0,0,0,7,54104,1.14,1305
NP,2015.02,0,0,0,0,0,0,0,0,0,0,0,0,7,54104,1.14,1547
NP,2015.03,0,0,0,0,0,0,0,0,0,0,0,0,7,54104,1.14,1470
NP,2015.04,0,0,0,0,0,0,0,0,0,0,0,0,7,54104,1.14,1399
NP,2015.05,0,1,0,0,0,0,0,0,0,0,0,0,7,50879,1.14,1595
NP,2015.06,0,1,0,0,0,0,0,0,0,0,0,0,7,50879,1.14,1409
NP,2015.07,0,1,0,0,0,0,0,0,0,0,0,0,7,50879,1.14,1270
NP,2015.08,0,1,0,0,0,0,0,0,0,0,0,0,7,50879,1.14,1517
NP,2015.09,0,0,1,0,0,0,0,0,0,0,0,0,7,49320,1.092,1324
NP,2015.1,0,0,1,0,0,0,0,0,0,0,0,0,7,49320,1.092,1532
NP,2015.11,0,0,1,0,0,0,0,0,0,0,0,0,7,49320,1.092,1696
NP,2015.12,0,0,1,0,0,0,0,0,0,0,0,0,7,49320,1.092,1624
NP,2015.13,0,0,1,0,0,0,0,0,0,0,0,0,7,49320,1.092,1709
NP,2015.14,0,0,0,1,0,0,0,0,0,0,0,0,7,46180,1.087,1761
NP,2015.15,0,0,0,1,0,0,0,0,0,0,0,0,7,46180,1.087,1945
NP,2015.16,0,0,0,1,0,0,0,0,0,0,0,0,7,46180,1.087,1836
NP,2015.17,0,0,0,1,0,0,0,0,0,0,0,0,7,46180,1.087,1802
NP,2015.18,0,0,0,0,1,0,0,0,0,0,0,0,7,53225,1.118,1873
NP,2015.19,0,0,0,0,1,0,0,0,0,0,0,0,7,53225,1.118,1797
NP,2015.2,0,0,0,0,1,0,0,0,0,0,0,0,7,53225,1.118,1896
NP,2015.21,0,0,0,0,1,0,0,0,0,0,0,0,7,53225,1.118,1847
NP,2015.22,0,0,0,0,0,1,0,0,0,0,0,0,7,51468,1.039,1698
NP,2015.23,0,0,0,0,0,1,0,0,0,0,0,0,7,51468,1.039,1815
NP,2015.24,1,0,0,0,0,1,0,0,0,0,0,0,7,51468,1.039,1781
NP,2015.25,1,0,0,0,0,1,0,0,0,0,0,0,7,51468,1.039,1761
NP,2015.26,1,0,0,0,0,1,0,0,0,0,0,0,7,51468,1.039,1830
NP,2015.27,1,0,0,0,0,0,1,0,0,0,0,0,7,55132,1.038,1825
NP,2015.28,1,0,0,0,0,0,1,0,0,0,0,0,7,55132,1.038,1768
NP,2015.29,1,0,0,0,0,0,1,0,0,0,0,0,7,55132,1.038,1833
NP,2015.3,1,0,0,0,0,0,1,0,0,0,0,0,7,55132,1.038,1812
NP,2015.31,1,0,0,0,0,0,0,1,0,0,0,0,7,50124,1.042,1834
NP,2015.32,1,0,0,0,0,0,0,1,0,0,0,0,7,50124,1.042,1849
NP,2015.33,1,0,0,0,0,0,0,1,0,0,0,0,7,50124,1.042,1918
NP,2015.34,1,0,0,0,0,0,0,1,0,0,0,0,7,50124,1.042,1798
NP,2015.35,1,0,0,0,0,0,0,1,0,0,0,0,7,50124,1.042,1847
NP,2015.36,1,0,0,0,0,0,0,0,1,0,0,0,7,44703,1.026,1657
NP,2015.37,1,0,0,0,0,0,0,0,1,0,0,0,7,44703,1.026,1702
NP,2015.38,1,0,0,0,0,0,0,0,1,0,0,0,7,44703,1.026,1476
NP,2015.39,0,0,0,0,0,0,0,0,1,0,0,0,7,44703,1.026,1439
NP,2015.4,0,0,0,0,0,0,0,0,0,1,0,0,7,43005,0.999,1680
NP,2015.41,0,0,0,0,0,0,0,0,0,1,0,0,7,43005,0.999,1574
NP,2015.42,0,0,0,0,0,0,0,0,0,1,0,0,7,43005,0.999,1522
NP,2015.43,0,0,0,0,0,0,0,0,0,1,0,0,7,43005,0.999,1635
NP,2015.44,0,0,0,0,0,0,0,0,0,0,1,0,7,40368,0.999,1586
NP,2015.45,0,0,0,0,0,0,0,0,0,0,1,0,7,40368,0.999,1506
NP,2015.46,0,0,0,0,0,0,0,0,0,0,1,0,7,40368,0.999,1559
NP,2015.47,0,0,0,0,0,0,0,0,0,0,1,0,7,40368,0.999,1346
NP,2015.48,0,0,0,0,0,0,0,0,0,0,1,0,7,40368,0.999,1462
NP,2015.49,0,0,0,0,0,0,0,0,0,0,0,1,7,36459,0.954,1510
NP,2015.5,0,0,0,0,0,0,0,0,0,0,0,1,7,36459,0.954,1505
NP,2015.51,0,0,0,0,0,0,0,0,0,0,0,1,7,36459,0.954,1198
NP,2015.52,0,0,0,0,0,0,0,0,0,0,0,1,4,36459,0.954,877
NP,2016,0,0,0,0,0,0,0,0,0,0,0,0,3,44152,0.954,474
NP,2016.01,0,0,0,0,0,0,0,0,0,0,0,0,7,44152,0.954,1395
NP,2016.02,0,0,0,0,0,0,0,0,0,0,0,0,7,44152,0.954,1479
NP,2016.03,0,0,0,0,0,0,0,0,0,0,0,0,7,44152,0.954,1140
NP,2016.04,0,0,0,0,0,0,0,0,0,0,0,0,7,44152,0.954,1364
NP,2016.05,0,1,0,0,0,0,0,0,0,0,0,0,7,44178,0.955,1540
NP,2016.06,0,1,0,0,0,0,0,0,0,0,0,0,7,44178,0.955,1315
NP,2016.07,0,1,0,0,0,0,0,0,0,0,0,0,7,44178,0.955,1303
NP,2016.08,0,1,0,0,0,0,0,0,0,0,0,0,7,44178,0.955,1379
NP,2016.09,0,1,0,0,0,0,0,0,0,0,0,0,7,44178,0.955,1464
NP,2016.1,0,0,1,0,0,0,0,0,0,0,0,0,7,47477,1.003,1509
NP,2016.11,0,0,1,0,0,0,0,0,0,0,0,0,7,47477,1.003,1448
NP,2016.12,0,0,1,0,0,0,0,0,0,0,0,0,7,47477,1.003,1516
NP,2016.13,0,0,1,0,0,0,0,0,0,0,0,0,7,47477,1.003,1606
NP,2016.14,0,0,0,1,0,0,0,0,0,0,0,0,7,46584,0.997,1550
NP,2016.15,0,0,0,1,0,0,0,0,0,0,0,0,7,46584,0.997,1726
NP,2016.16,0,0,0,1,0,0,0,0,0,0,0,0,7,46584,0.997,1629
NP,2016.17,0,0,0,1,0,0,0,0,0,0,0,0,7,46584,0.997,1660
NP,2016.18,0,0,0,0,1,0,0,0,0,0,0,0,7,49989,0.991,1669
NP,2016.19,0,0,0,0,1,0,0,0,0,0,0,0,7,49989,0.991,1639
NP,2016.2,0,0,0,0,1,0,0,0,0,0,0,0,7,49989,0.991,1690
NP,2016.21,0,0,0,0,1,0,0,0,0,0,0,0,7,49989,0.991,1757
NP,2016.22,0,0,0,0,1,0,0,0,0,0,0,0,7,49989,0.991,1620
NP,2016.23,0,0,0,0,0,1,0,0,0,0,0,0,7,49192,0.992,1604
NP,2016.24,0,0,0,0,0,1,0,0,0,0,0,0,7,49192,0.992,1625
NP,2016.25,1,0,0,0,0,1,0,0,0,0,0,0,7,49192,0.992,1616
NP,2016.26,1,0,0,0,0,1,0,0,0,0,0,0,7,49192,0.992,1692
NP,2016.27,1,0,0,0,0,0,1,0,0,0,0,0,7,55291,0.993,1439
NP,2016.28,1,0,0,0,0,0,1,0,0,0,0,0,7,55291,0.993,1644
NP,2016.29,1,0,0,0,0,0,1,0,0,0,0,0,7,55291,0.993,1516
NP,2016.3,1,0,0,0,0,0,1,0,0,0,0,0,7,55291,0.993,1437
NP,2016.31,1,0,0,0,0,0,0,1,0,0,0,0,7,54853,0.993,1592
NP,2016.32,1,0,0,0,0,0,0,1,0,0,0,0,7,54853,0.993,1596
NP,2016.33,1,0,0,0,0,0,0,1,0,0,0,0,3,54853,0.993,703
